Date,Revenue_base,Revenue_resid,COGS_base,COGS_resid,cutoff
2021-01-01,2588355.756139847,-601296.1540075694,2330141.5491025727,-463099.29156416265,2020-12-31
2021-01-02,1182083.4366133974,-533990.8757462398,987773.4549896296,-417705.375716161,2020-12-31
2021-01-03,1039952.7389140708,-402079.5515061693,814980.8077489709,-269143.9089046699,2020-12-31
2021-01-04,1092224.8105902495,-309732.58443187835,842053.8748916672,-181047.76384914375,2020-12-31
2021-01-05,1205142.8759352386,-224480.9316320262,922434.1774849112,-150076.7551269064,2020-12-31
2021-01-06,1253797.2547270092,-214503.1338263629,976505.1044346164,-134871.59549095927,2020-12-31
2021-01-07,1349841.652555884,-406071.88141271006,1060388.547204486,-265005.2810423383,2020-12-31
2021-01-08,1332567.9259679008,-400355.19028031727,1040109.8384784588,-251523.26147069715,2020-12-31
2021-01-09,1434119.223898972,-326262.3869380497,1132763.3755786852,-262409.00723730895,2020-12-31
2021-01-10,1397188.4319847836,-444972.5237540259,1069194.4692812331,-239472.75627195672,2020-12-31
2021-01-11,1549161.537628171,-55698.1594781993,1201521.3632451282,-26458.35213686095,2020-12-31
2021-01-12,1510679.3549750356,-269553.37656725483,1174078.7382112872,-171266.30263741736,2020-12-31
2021-01-13,1722978.2929079733,-199273.46902354722,1352790.2679327663,-124968.40119022907,2020-12-31
2021-01-14,1608678.1899527938,-499408.86117450503,1250387.3601215521,-365708.2199798511,2020-12-31
2021-01-15,1555206.7520410398,-289853.37905245664,1219938.8900425322,-200614.97437611513,2020-12-31
2021-01-16,1568760.6982844048,-102089.18654620548,1220065.7013445513,-132784.92037199362,2020-12-31
2021-01-17,1707838.0412171078,-124790.52353532812,1337895.017815657,-132807.96539030893,2020-12-31
2021-01-18,1442831.592284296,37993.49148089608,1116261.7045400713,7342.221314707396,2020-12-31
2021-01-19,1468569.5865500967,-131287.1533223752,1147127.9230029914,-86787.96536687427,2020-12-31
2021-01-20,1723041.3544618404,-208398.931313784,1335855.9290292335,-136549.74651344697,2020-12-31
2021-01-21,1809682.6892281931,-305310.1058331549,1406686.857804208,-269788.1920109672,2020-12-31
2021-01-22,1740388.4000495202,-301529.80002335407,1377451.7500870014,-211290.0081821832,2020-12-31
2021-01-23,1790163.6859932756,-149189.0409532988,1394134.4324731256,-145288.97997790188,2020-12-31
2021-01-24,1836145.9126557733,-99040.63594986076,1442943.5766737491,-117237.61478331703,2020-12-31
2021-01-25,1801838.211828579,112580.87936399611,1413877.6704739688,99845.01506253399,2020-12-31
2021-01-26,1916858.7778275593,-89385.32889397113,1497896.4385069911,-38371.7113327393,2020-12-31
2021-01-27,2440912.3514139075,-101465.04104489717,1900406.7456414166,23621.303513743016,2020-12-31
2021-01-28,3009868.6161841415,-316816.5175652273,2337026.919346317,-141887.20165555255,2020-12-31
2021-01-29,3116954.031908231,-282301.14408773155,2434862.2533770734,-271752.1335321522,2020-12-31
2021-01-30,2908868.2832557494,-345345.1140786084,2276963.5622898615,-293631.8329786257,2020-12-31
2021-01-31,2596410.212284582,-413840.86574898724,2038710.3084438182,-271307.0174952125,2020-12-31
2021-02-01,2303702.625876756,-332983.37772495643,1796858.0394356516,-250785.56242905828,2020-12-31
2021-02-02,1553959.6305540495,-374025.97246156365,1229956.4851452492,-330830.51685706666,2020-12-31
2021-02-03,1347013.3031362072,-443848.4804107691,1055399.2980075576,-294866.78666949447,2020-12-31
2021-02-04,1532644.716990665,-367963.255819462,1212326.9589016114,-272763.1581833092,2020-12-31
2021-02-05,1669483.5266563315,-286081.63673078804,1323780.432664548,-265075.8688684301,2020-12-31
2021-02-06,1715883.1435092825,-227836.69110928898,1353843.2013911714,-219654.14940998144,2020-12-31
2021-02-07,1742837.2404849578,-205900.48288800256,1364710.642774252,-192050.2929132749,2020-12-31
2021-02-08,1724242.0148497163,27240.981757144615,1368772.0017906534,13194.975337649794,2020-12-31
2021-02-09,1840550.3762905682,-321896.292397213,1438507.640594436,-196479.0857232347,2020-12-31
2021-02-10,1934281.7377459458,-391090.61091892957,1513086.2053311008,-267343.0782864594,2020-12-31
2021-02-11,2043305.3524170255,-425237.0814048924,1604195.8764440904,-278439.84236189234,2020-12-31
2021-02-12,1984412.0436527063,-117168.96907297196,1557747.6393189908,-77225.52940291763,2020-12-31
2021-02-13,2142202.75618284,-1591.0552087721996,1705227.48080866,-46942.6268314134,2020-12-31
2021-02-14,2217179.1895473558,-80729.76814379891,1765624.5421117884,-49337.02801003934,2020-12-31
2021-02-15,1987754.067518898,196507.64872303532,1549940.9862821633,163333.52889155087,2020-12-31
2021-02-16,2306763.2009656895,-218467.91435386156,1812480.4274380442,-119991.9937555052,2020-12-31
2021-02-17,2328728.976883875,-187105.61068315335,1826295.907932864,-129943.43078427555,2020-12-31
2021-02-18,2457389.417868209,-26886.82484212007,1953845.796183589,-49174.625099416386,2020-12-31
2021-02-19,2344709.4602632495,-22617.99690189645,1842635.3839284522,-41913.58428155434,2020-12-31
2021-02-20,2522921.335087458,98160.75479417015,1985059.0954172234,-4361.586727876822,2020-12-31
2021-02-21,2356740.361562463,198961.3644701015,1860469.9120382962,145048.96350729014,2020-12-31
2021-02-22,2499156.454587517,527805.1697735094,1972786.2018208683,364801.8376498945,2020-12-31
2021-02-23,2846384.6015274054,151274.8676079287,2244348.671552597,73358.14079297365,2020-12-31
2021-02-24,3255826.14075014,84500.11224833918,2561505.3721415037,109832.47160145009,2020-12-31
2021-02-25,4320154.202307076,64119.643332413,3417818.4736079443,-12479.362029582988,2020-12-31
2021-02-26,4052966.0268640746,-128934.37759124237,3220273.7390471413,-167356.4341099191,2020-12-31
2021-02-27,3651070.5005640797,-193489.2554167754,2883709.778214621,-339286.90434729244,2020-12-31
2021-02-28,2927023.5655542715,-143137.8794513825,2301580.9567388254,-291424.4430919425,2020-12-31
2021-03-01,1996924.8774902057,-6788.392354530231,1595352.964953035,-214245.5092617103,2020-12-31
2021-03-02,1186314.6010369456,-547486.354051172,947706.5786906469,-417592.18818988424,2020-12-31
2021-03-03,1155871.2168553781,-434300.6577726102,912332.1207311308,-273803.3614024916,2020-12-31
2021-03-04,1562106.6622952805,-263833.5550814848,1225213.160882405,-186089.76534587686,2020-12-31
2021-03-05,1960784.5791323865,-53976.05211147057,1532470.207944266,-70193.96638463234,2020-12-31
2021-03-06,2221158.4983499376,3294.00480668829,1737066.6615879545,-15493.629576556668,2020-12-31
2021-03-07,2120038.816797878,42491.27290845426,1649815.1751355764,7371.728372479549,2020-12-31
2021-03-08,2253927.73117823,166586.94314025497,1759725.7968832194,93435.12749392999,2020-12-31
2021-03-09,2407226.865056729,30510.990287671124,1889691.629908974,-19451.1175065039,2020-12-31
2021-03-10,2666937.340770066,75682.41681541064,2084093.5933547432,-49107.09231787863,2020-12-31
2021-03-11,2798365.3286080677,178915.13909125634,2174829.9232686665,30882.046909234807,2020-12-31
2021-03-12,2909508.3064439557,170715.9227886732,2292230.6578329382,127881.14686465998,2020-12-31
2021-03-13,2941272.3239887315,223057.06025954377,2290496.1879607434,251109.21694663682,2020-12-31
2021-03-14,3258923.1155888713,82247.23230734024,2529477.5871887,145338.173908954,2020-12-31
2021-03-15,3173554.9297051714,460876.09513233864,2468863.9035715535,337122.4752539664,2020-12-31
2021-03-16,3087692.8345000646,194446.21040484065,2412232.0009345054,198628.45273449327,2020-12-31
2021-03-17,3613260.6898487816,285491.8444844338,2829535.474151687,182778.33875471054,2020-12-31
2021-03-18,3540084.127790023,527291.0077261279,2844495.0440013525,474500.6665309107,2020-12-31
2021-03-19,3448377.6968967654,473165.7799570325,2834834.362915447,410584.40458287887,2020-12-31
2021-03-20,3557521.9592649075,758257.0875838139,2946783.4919539397,636821.7363042942,2020-12-31
2021-03-21,3472288.9412140436,527912.7610943046,2974471.559469074,467887.0314361056,2020-12-31
2021-03-22,3288417.2271767845,834942.6117602305,2897061.0700677745,622464.2880616571,2020-12-31
2021-03-23,3423124.114977547,802825.5351210671,3039399.477590365,639972.7683372626,2020-12-31
2021-03-24,3605387.7125305664,891158.0958153717,3183962.482494623,727806.7065693983,2020-12-31
2021-03-25,3724120.3305861815,1095338.753547831,3274976.442437198,923157.1857847214,2020-12-31
2021-03-26,3888604.502691814,811925.2109077966,3438481.909037327,738497.1078214331,2020-12-31
2021-03-27,4191743.4802383515,966192.9269234547,3696317.582623231,917105.9264701422,2020-12-31
2021-03-28,4046445.4413071345,737657.3794615981,3533882.287120399,542918.308834829,2020-12-31
2021-03-29,4277099.173752708,1077225.981114292,3765813.828334782,557088.8693091641,2020-12-31
2021-03-30,7967622.089975121,1050652.2071519883,7061934.0481891725,854271.7208253302,2020-12-31
2021-03-31,7331097.935870015,963461.605708251,6474331.058373052,851886.1015863204,2020-12-31
2021-04-01,7146721.455942932,663997.541574517,6336747.294243933,697471.0772817376,2020-12-31
2021-04-02,6627444.127550908,344172.1102945279,5867516.496317793,444807.3085917244,2020-12-31
2021-04-03,5854565.614299955,654938.796306135,5141670.25120974,641867.1930828096,2020-12-31
2021-04-04,2201729.604704403,380731.4540131634,1938051.317850588,404595.92023794027,2020-12-31
2021-04-05,2201091.0706079295,317872.17010272405,1957083.061565375,183180.50280410226,2020-12-31
2021-04-06,2477374.9531159964,181262.155648051,2200899.5845275093,133665.74163201838,2020-12-31
2021-04-07,2582340.697149458,455730.70629997266,2274271.300609788,312004.91059148486,2020-12-31
2021-04-08,3009838.8489887277,520027.65306428284,2645181.812533752,428232.7158083622,2020-12-31
2021-04-09,3080939.678279557,488427.2937254633,2703912.7946552103,440557.2512817983,2020-12-31
2021-04-10,3133514.052122113,312651.70654178824,2766070.880301958,369227.3716036334,2020-12-31
2021-04-11,3312810.8579074075,120712.9519693237,2916241.1578906868,256296.3317169055,2020-12-31
2021-04-12,3099123.0874700653,299205.2306013091,2727943.9904247355,185864.51378837205,2020-12-31
2021-04-13,3498387.993500732,336560.51041683386,3099100.966738742,384631.97076342587,2020-12-31
2021-04-14,3680416.613821836,368177.08425053733,3149555.6087402315,279998.23056114395,2020-12-31
2021-04-15,3672862.3901313427,495812.1839769786,3070318.1915104105,408608.4499003617,2020-12-31
2021-04-16,3932818.2945121787,204100.55934467423,3205017.1958483723,223835.2866838071,2020-12-31
2021-04-17,4294602.193310153,140743.77085466185,3432647.335372432,182933.95628764806,2020-12-31
2021-04-18,4047669.5968223913,-183526.9371574269,3135951.3795894473,-45830.03721118628,2020-12-31
2021-04-19,4114835.3208471686,297177.5503100446,3195397.7832086943,103562.2169498497,2020-12-31
2021-04-20,4195058.979633759,301.525960886097,3224720.4759184704,11961.420948817939,2020-12-31
2021-04-21,4309874.738919265,185591.0404513785,3350410.797469124,116963.33638354289,2020-12-31
2021-04-22,4491247.689464663,318192.0717209811,3491271.538141404,287229.1175656987,2020-12-31
2021-04-23,4843985.295896177,136337.86846835224,3750887.7151081613,153586.4632276099,2020-12-31
2021-04-24,4542434.054516576,-118963.76420550473,3531602.0124322567,90748.93007562424,2020-12-31
2021-04-25,4821402.552125514,-327021.43496050994,3726289.6671699067,-81338.9287344425,2020-12-31
2021-04-26,4673527.1706135385,-41000.72912732715,3628607.8549294886,-48011.660020043106,2020-12-31
2021-04-27,5495846.133571217,-31279.138329988808,4264307.089569159,-5621.501722811834,2020-12-31
2021-04-28,6268586.862570029,541196.2477596388,4845969.081506996,230224.1868546177,2020-12-31
2021-04-29,8574048.896539718,591327.7738069237,6699553.197214556,363441.1917966529,2020-12-31
2021-04-30,7344259.775303504,68188.39292692905,5719112.952581151,26955.180825976688,2020-12-31
2021-05-01,6941649.783346315,-274640.06897245225,5407890.626139954,-214785.20203491705,2020-12-31
2021-05-02,5856157.052115575,-215954.33887090083,4541233.413125422,-224705.3272152109,2020-12-31
2021-05-03,4665517.649405171,-115826.79466448192,3638245.7472134526,-127356.69975097869,2020-12-31
2021-05-04,2137678.1746237553,152947.6986127565,1657820.069082433,-123040.30792772498,2020-12-31
2021-05-05,2620076.9646357303,-39134.45004319504,2017653.5119443438,-178739.47524616998,2020-12-31
2021-05-06,2781444.666737636,-44894.02091862483,2163960.0921527687,-154818.6318932764,2020-12-31
2021-05-07,3068324.426562956,60291.82225080333,2399530.8053519265,-78467.28822406259,2020-12-31
2021-05-08,3214244.8794724764,23796.31132331594,2487984.256123696,-77446.50749695252,2020-12-31
2021-05-09,3163479.1942436676,176051.14952071971,2470308.498741165,26664.577199506897,2020-12-31
2021-05-10,3364466.1580260484,59424.10993789795,2598496.912612711,42475.70417795345,2020-12-31
2021-05-11,3611436.8910878613,-210624.9374619105,2794599.953756412,-225682.8758557472,2020-12-31
2021-05-12,3751931.662403005,30250.417211684726,2911602.549805763,-98347.35515968176,2020-12-31
2021-05-13,3894026.7729656147,-4312.368517684375,2999810.4643676737,-86113.83886728693,2020-12-31
2021-05-14,4144929.305658579,-67887.88890706662,3225940.294689155,-2521.3883853132807,2020-12-31
2021-05-15,4247565.369425573,164303.86601488586,3319360.48156387,74533.56752169169,2020-12-31
2021-05-16,4225170.986647073,-108454.74757692582,3274771.1532692555,-25177.090188213733,2020-12-31
2021-05-17,4193207.9840809684,35957.28000524382,3250431.9888745863,22142.67066263039,2020-12-31
2021-05-18,4060445.7051840397,-246209.38719998184,3180125.8590695914,-255794.81038104175,2020-12-31
2021-05-19,4002015.508955567,-107097.3469864279,3131478.5642125416,-143501.641773965,2020-12-31
2021-05-20,4403747.577970153,-126609.7925612225,3451603.3383547654,-123846.73939430111,2020-12-31
2021-05-21,4247564.961884517,-98830.56836117823,3308407.753179692,-3674.849527540653,2020-12-31
2021-05-22,4526139.397140736,-22476.712241532867,3497744.6175948177,127422.61586042831,2020-12-31
2021-05-23,4659419.746881931,-191070.35489827982,3653015.151914304,-1614.639976319162,2020-12-31
2021-05-24,4372553.507570788,148642.32054368098,3409063.890407023,91816.88315186839,2020-12-31
2021-05-25,4250424.864944406,20708.132439592184,3270772.441844325,51096.92204671766,2020-12-31
2021-05-26,4119783.038314974,235579.82104734625,3254430.9183731326,211897.86341294937,2020-12-31
2021-05-27,4489234.976686232,291767.14329192037,3519259.0208167913,165156.4521910855,2020-12-31
2021-05-28,5123151.953410419,411553.36135661445,3978022.533082077,262416.6833591825,2020-12-31
2021-05-29,5414473.9524869975,481833.00699366804,4146992.9344274593,533894.5763781986,2020-12-31
2021-05-30,8807206.127463033,455048.0558847496,6872859.412148239,454564.5699910671,2020-12-31
2021-05-31,8277052.77661651,-350580.96336736233,6474094.477248794,-67108.55114522629,2020-12-31
2021-06-01,8165755.819801221,-311289.1503194333,6336863.850446074,-197843.4673915736,2020-12-31
2021-06-02,7083057.909461405,-220884.9402636658,5514770.532578572,-328135.26440101734,2020-12-31
2021-06-03,6286717.580504306,116276.26285067893,4877373.7613557875,-107617.02056267466,2020-12-31
2021-06-04,2853093.7767157755,221610.1333135473,2210220.8923506653,-57314.28523171676,2020-12-31
2021-06-05,3064921.5692566615,-91844.03561503105,2370526.324048299,-145088.83407045068,2020-12-31
2021-06-06,2889071.3044681386,-166244.40322144775,2245856.55508342,-97217.22739233631,2020-12-31
2021-06-07,2920752.8651505695,-144856.03757202043,2249552.470291123,-115848.70469780972,2020-12-31
2021-06-08,3320570.761265333,-17640.501698176984,2599970.858922137,-15036.644061404193,2020-12-31
2021-06-09,3454035.700798809,279150.252004699,2690870.8369409116,131093.3159647368,2020-12-31
2021-06-10,3700175.0606476786,170788.2050397285,2889366.0114465524,141315.22480577813,2020-12-31
2021-06-11,3596693.915836267,-232502.65796486053,2793106.1484443187,-100729.44473549422,2020-12-31
2021-06-12,3829564.1558863856,-198990.07182108535,2983520.775705619,-40485.58248401622,2020-12-31
2021-06-13,3723250.2354335464,-304293.5466497629,2901529.82608469,-100931.04454459329,2020-12-31
2021-06-14,3941705.426528013,-145777.9105547611,3067150.1988083636,-9136.517582130891,2020-12-31
2021-06-15,4028951.3693775856,20677.087629851965,3130342.2343640192,57554.967301116994,2020-12-31
2021-06-16,4253481.607127401,230678.2181746796,3336438.478987132,113776.49451687577,2020-12-31
2021-06-17,4139826.331115501,290911.20660732745,3197855.089275658,208878.22059975748,2020-12-31
2021-06-18,4287600.461799654,-399874.7874521723,3350903.487989635,-149093.47394068548,2020-12-31
2021-06-19,4096251.0082363975,-322399.8358265188,3183219.2440940933,-123585.88256284235,2020-12-31
2021-06-20,3881717.3214278584,-293520.66230470734,2997586.220488303,-219345.23477243498,2020-12-31
2021-06-21,3933770.513541577,-307610.02810927853,3055753.243768168,-144632.96874613914,2020-12-31
2021-06-22,4198452.5808521565,-184823.38258154373,3260402.855083697,-76094.41146479463,2020-12-31
2021-06-23,4001465.149574619,220486.90160079283,3215844.7406936693,163611.51734107803,2020-12-31
2021-06-24,4171120.403955589,226641.1137914223,3517891.9309700397,291780.0811087389,2020-12-31
2021-06-25,4259386.473842756,-65101.20502758937,3744319.5048877294,107529.55844969416,2020-12-31
2021-06-26,4325528.562343414,-172986.5429013434,3907932.4083932647,-21124.547896978303,2020-12-31
2021-06-27,4104797.5074504483,-233072.75101031052,3916262.87736756,-19794.697084943462,2020-12-31
2021-06-28,4387351.724952998,112605.84852297316,4178229.5279789357,192741.92246778877,2020-12-31
2021-06-29,6432018.510603984,409960.87115742563,6098260.843397363,403796.71086875023,2020-12-31
2021-06-30,5399075.966793051,299170.1927788577,5137502.7535614995,295053.6640475651,2020-12-31
2021-07-01,4935189.18647392,130317.39638076369,4705951.762525524,227774.282035179,2020-12-31
2021-07-02,4609905.249290105,16073.813014412324,4365213.059741236,51866.31962329029,2020-12-31
2021-07-03,4097775.3080295054,285683.55327223823,3909822.318764201,73864.41214805997,2020-12-31
2021-07-04,993303.765628292,70918.07485713356,925359.5420147195,-175063.27845610908,2020-12-31
2021-07-05,1504031.259316472,-145097.74375197882,1410457.0991861913,-26833.629961130115,2020-12-31
2021-07-06,1606975.5955131145,-92191.65332542393,1539109.9453889902,39060.74509450756,2020-12-31
2021-07-07,2038855.351556161,43211.02998639496,1953302.0806649502,189805.72889026342,2020-12-31
2021-07-08,1976557.1113726457,26049.625254113722,1886271.0536798213,130007.46696416485,2020-12-31
2021-07-09,2664305.1610504854,52593.52852487913,2516435.979037159,140317.34592857276,2020-12-31
2021-07-10,2524501.9651594814,1655.5354869991977,2369433.335947065,163689.65362163546,2020-12-31
2021-07-11,2816839.1365714064,-69594.86552639926,2668645.560936619,-36968.14360676258,2020-12-31
2021-07-12,2657970.4012757186,-285887.78246083553,2511285.3093628655,-46086.88673002778,2020-12-31
2021-07-13,2479695.3047040794,-244882.10966996348,2333232.785765241,-69064.40271093367,2020-12-31
2021-07-14,2569780.764358865,-101435.56195163712,2449577.324582205,-18465.159225974818,2020-12-31
2021-07-15,2852173.438131401,-74515.5296040491,2720721.049947991,146123.71296307238,2020-12-31
2021-07-16,2935109.0751101016,-73624.20536806488,2774090.6511447155,109948.78321966805,2020-12-31
2021-07-17,2927925.2088364107,-47390.9948987385,2779910.385605773,50019.33028700984,2020-12-31
2021-07-18,2995231.0701414645,-324111.5014772422,2852364.2150408374,-227621.75850179375,2020-12-31
2021-07-19,2882045.319280512,-132483.76218361148,2597696.746515807,-94431.40915538596,2020-12-31
2021-07-20,2956377.3141905474,-255773.39929136634,2567039.616999093,-287292.98860089696,2020-12-31
2021-07-21,3137151.0651671826,-131977.10989252533,2615757.507843309,-121825.9139612815,2020-12-31
2021-07-22,3328291.1318159965,-130593.85913621215,2673134.7850735714,-239488.64266972782,2020-12-31
2021-07-23,3396321.245481698,-1382.9912834824445,2634657.949098329,-130809.33610604129,2020-12-31
2021-07-24,3546524.3688777755,-44438.56072605907,2752432.6608707234,-150516.66892557935,2020-12-31
2021-07-25,3456438.771863937,-146194.40758993832,2680302.6922048186,-205879.7277431467,2020-12-31
2021-07-26,3487388.785144079,-216085.40531364208,2715794.2063017003,-260918.94090595772,2020-12-31
2021-07-27,3255727.270436284,-286121.28018118645,2531093.4366896832,-366494.3267921232,2020-12-31
2021-07-28,3704590.752841389,-102800.67749525004,2891617.9229590665,-355035.61251543043,2020-12-31
2021-07-29,4250582.637833116,117247.48665291702,3309462.285652089,-253977.51138861786,2020-12-31
2021-07-30,4446672.53737917,51804.32168117605,3770031.4864136237,-117190.401535403,2020-12-31
2021-07-31,5820758.383352983,345232.3777283033,5277772.948113478,216716.69170126467,2020-12-31
2021-08-01,5573764.289301415,285550.02584777126,5145671.874913382,66161.98039806008,2020-12-31
2021-08-02,4537048.6257422,370347.6506660711,4348224.318844984,-10392.103559139612,2020-12-31
2021-08-03,3904585.6077047945,9223.2220096226,3865463.592986205,-235048.13322576604,2020-12-31
2021-08-04,3298688.001354224,70300.98019285328,3305117.2677188953,-82880.30322182066,2020-12-31
2021-08-05,1803301.941089255,33870.52164124541,1740017.3130671922,-185550.23556194347,2020-12-31
2021-08-06,2003915.0378884987,82468.02823013515,1985457.3384370245,163407.64841828152,2020-12-31
2021-08-07,2084806.17915323,183963.8547090033,2016951.8763545833,320977.4208903261,2020-12-31
2021-08-08,1886546.4198796637,254947.2541096627,1911819.3639885245,368292.0979306143,2020-12-31
2021-08-09,1959154.1032247734,295905.9242709966,1906695.2317264604,392987.75387533114,2020-12-31
2021-08-10,1985296.1601018792,200126.43631298246,1912411.395891008,286100.84498010896,2020-12-31
2021-08-11,2178002.060082573,172378.35142055093,2184848.5936659286,299209.1205475654,2020-12-31
2021-08-12,2308153.3263105163,129012.22985900132,2241336.7828093227,323738.81472384307,2020-12-31
2021-08-13,2192687.1229040707,213117.55200990982,2103067.9153058315,290587.07108743716,2020-12-31
2021-08-14,2490130.3754504607,200953.6772994082,2457950.7845405024,295768.02843948524,2020-12-31
2021-08-15,2388452.013414349,100352.30138926524,2399449.700128036,220153.90630891296,2020-12-31
2021-08-16,2268354.2203808073,207828.51481718136,2226817.218781589,359110.57174453704,2020-12-31
2021-08-17,2373015.841362379,304156.21565997374,2346171.385725324,455068.6624731299,2020-12-31
2021-08-18,2525361.73697143,349713.75509802153,2451748.250106037,362930.7980251359,2020-12-31
2021-08-19,2513409.0711104004,146130.20787459967,2457065.7262010085,116174.24100772766,2020-12-31
2021-08-20,2513795.686144216,132257.19335991394,2461919.2904550703,184931.77317012163,2020-12-31
2021-08-21,2634056.8641643585,146050.51062533032,2573449.0714279497,318136.16675527,2020-12-31
2021-08-22,2478926.6143722744,47233.56042992333,2498443.223919006,150766.23140760916,2020-12-31
2021-08-23,2234889.7836274505,283609.2592938345,2233800.685950013,331785.270804918,2020-12-31
2021-08-24,2278379.007702599,194291.2966066642,2347071.8156938595,129272.84848021848,2020-12-31
2021-08-25,2521602.663541856,159473.67058749162,2457408.0261966363,39837.03213883084,2020-12-31
2021-08-26,2381849.487192878,128345.0822454253,2372648.5868949317,190066.79895017506,2020-12-31
2021-08-27,2765882.8720430187,236006.95894124548,2664434.6189524247,415402.19277708,2020-12-31
2021-08-28,5445626.450460673,406378.77460825193,5226778.101901482,828621.1958112057,2020-12-31
2021-08-29,5515897.794508151,341554.4480156616,5370841.975506737,887944.5031306893,2020-12-31
2021-08-30,5527848.499963531,850251.8572846176,5295941.72433901,1113138.1255162482,2020-12-31
2021-08-31,5470112.863697749,880232.292239551,5294378.08454262,1069851.0906399018,2020-12-31
2021-09-01,4763045.786620347,885370.0297953738,4545248.698088548,831188.4845354122,2020-12-31
2021-09-02,1860562.7932020805,269585.91186607844,1839269.6886597113,-13377.673686568107,2020-12-31
2021-09-03,1651120.7953118775,-189310.903365991,1432381.1461774176,-139663.46294408815,2020-12-31
2021-09-04,1676118.756720551,-237087.01242337973,1448405.5665150688,-119174.0265245223,2020-12-31
2021-09-05,1893719.6312274174,-201663.23349126542,1646195.39120192,-35609.313989755065,2020-12-31
2021-09-06,2083622.3991425757,91241.10105017193,1802730.1235641425,171233.77630030882,2020-12-31
2021-09-07,1933619.879593643,218603.26169857004,1650167.187435171,141220.6664554152,2020-12-31
2021-09-08,2045287.9094089353,246507.82229200282,1764371.74546168,213434.1786202696,2020-12-31
2021-09-09,2233836.489710097,99108.87622752054,1908208.5750843016,78387.2861564918,2020-12-31
2021-09-10,2194999.5338376653,80555.13184534897,1894492.4657797674,97827.55002070576,2020-12-31
2021-09-11,2340231.232258756,-59136.76215401675,2005573.0304482654,-102844.8962700852,2020-12-31
2021-09-12,2494427.425923027,221733.58176255925,2185516.4433912034,281042.6078031028,2020-12-31
2021-09-13,2440121.9740558993,348486.0359020359,2112140.6926685595,213687.08459913786,2020-12-31
2021-09-14,2416481.914344507,431154.12774309743,2106669.172290282,357474.00417706114,2020-12-31
2021-09-15,2198211.5384981777,439237.1017715223,1862582.4450075554,214980.9270389949,2020-12-31
2021-09-16,2363007.798269926,84007.72517913491,2062306.8081381107,-89261.0265408568,2020-12-31
2021-09-17,2155399.0983944274,87082.13142582389,1843255.99050585,-24250.852055153347,2020-12-31
2021-09-18,2368047.882076295,136726.59429812027,2019788.72154122,43310.681642349045,2020-12-31
2021-09-19,2307437.145939811,94401.0500998165,1979981.602291624,-37960.99673933925,2020-12-31
2021-09-20,2280418.125269728,386255.6164041745,1974535.4657453527,136359.06845282024,2020-12-31
2021-09-21,2632738.041553892,467710.9600521576,2295295.7829184895,285643.88865669037,2020-12-31
2021-09-22,2320741.7073848653,277604.25960565894,1995795.4852864773,256336.9659591799,2020-12-31
2021-09-23,2422936.242031515,96361.66559848524,2144606.790454172,-29332.84703489112,2020-12-31
2021-09-24,2414644.9898581146,172741.0724542778,2079883.2534279907,119352.98557049544,2020-12-31
2021-09-25,2703623.2869364647,240509.0907208696,2324143.9460460497,122251.00893831243,2020-12-31
2021-09-26,2904908.954588123,286941.7602149309,2513465.847990056,98083.30831248111,2020-12-31
2021-09-27,3837161.220599698,686342.8266915815,3334610.810091722,502492.1213987799,2020-12-31
2021-09-28,4016251.8225864405,834838.1697025073,3508521.531544677,576758.0282666247,2020-12-31
2021-09-29,3392943.057525148,460565.6387998544,2896982.634067708,456774.2115308416,2020-12-31
2021-09-30,3263999.9906143076,136413.85466444597,2754208.2131221285,157830.2047075758,2020-12-31
2021-10-01,2634765.3376897913,-38847.06148667854,2175589.57739152,-31331.023901388333,2020-12-31
2021-10-02,1485946.5694085576,-150403.06317500485,1159109.9677339527,-204076.86755034246,2020-12-31
2021-10-03,1490830.1098253645,-149241.21077677427,1163678.226325226,10579.068251905332,2020-12-31
2021-10-04,1753022.8500487157,-113022.91991489091,1358186.6896268642,15476.971994655029,2020-12-31
2021-10-05,1773826.8988670574,-3215.046744792359,1357371.671406382,98327.31022469992,2020-12-31
2021-10-06,1931123.4980798669,10546.532407023647,1502009.2652140285,104845.81538728341,2020-12-31
2021-10-07,1811269.0069659227,-8470.402575661154,1379661.1678984107,43533.75275790068,2020-12-31
2021-10-08,1770215.2313022644,-1784.1355001953461,1380059.7892780579,69137.77238833962,2020-12-31
2021-10-09,1683849.3145194433,-119571.96884676568,1317120.845916129,23666.51796462389,2020-12-31
2021-10-10,1866768.2692514595,22774.811878885357,1442098.141336359,140973.59426449973,2020-12-31
2021-10-11,1818812.0586826093,200622.23218083708,1406073.2385324503,239493.82585294876,2020-12-31
2021-10-12,2149623.5083149276,186565.5560049559,1680921.5689373044,256923.0712791685,2020-12-31
2021-10-13,2329088.546801474,176758.35463578772,1810092.4679245262,309370.3216028307,2020-12-31
2021-10-14,2123210.2885837145,-137477.19993635465,1630677.3680438353,25356.369894382227,2020-12-31
2021-10-15,2028943.0174460376,-46483.75026784705,1557955.5999216223,33631.87600434543,2020-12-31
2021-10-16,2156038.853187026,92625.48012902266,1663906.5126903122,152367.59037979672,2020-12-31
2021-10-17,1790549.4789734015,70792.95553945057,1376254.5670672052,127402.17678499591,2020-12-31
2021-10-18,2144714.554666222,221244.75741789804,1659000.7417606425,293108.2078176604,2020-12-31
2021-10-19,2249791.2851010174,267322.376445844,1753712.4490472677,236713.04198554013,2020-12-31
2021-10-20,2154922.917273634,209506.5711367781,1677103.6134443057,187444.02903690867,2020-12-31
2021-10-21,2064781.5707014767,32865.86126612585,1610330.0270322526,130072.69660200852,2020-12-31
2021-10-22,2092710.7156159128,23914.671614168743,1664242.9745609334,114669.54108923426,2020-12-31
2021-10-23,1997320.3662081661,-43178.569102024936,1535578.0553156564,66608.31710094686,2020-12-31
2021-10-24,2015615.6443905886,66235.53691282735,1557480.5291323117,266768.128754778,2020-12-31
2021-10-25,2355997.799498654,236461.05113775193,1801757.663430496,371576.4061696644,2020-12-31
2021-10-26,2318422.158026511,258288.24318329082,1800566.0242066556,237962.98051890652,2020-12-31
2021-10-27,2440433.9665962937,455809.543993968,1916190.8749080629,400674.2799138915,2020-12-31
2021-10-28,3280851.6795915375,200225.97933348772,2583892.845765599,291641.8430686313,2020-12-31
2021-10-29,3774135.6355591887,8104.513686632471,2978917.1991015626,24880.767452600852,2020-12-31
2021-10-30,3567103.5074358378,-194650.42190117258,2780675.4136581626,-70984.80046078177,2020-12-31
2021-10-31,3287535.1663148087,21116.1422234694,2560808.5685347486,149586.7861714648,2020-12-31
2021-11-01,2896079.0837806,225479.9527713806,2224057.2138145296,152671.4848247612,2020-12-31
2021-11-02,1749881.8021020205,123843.50811834222,1362024.0505171993,-114106.53070704413,2020-12-31
2021-11-03,1184691.0553166964,-149092.23586552197,907672.4317234424,-85543.43282158158,2020-12-31
2021-11-04,1348427.9563855594,-80181.0759772939,1057398.7486362834,22538.886013218773,2020-12-31
2021-11-05,1529326.8254502674,-91568.21139320248,1184058.7431496675,-7237.15241911113,2020-12-31
2021-11-06,1363674.558458146,-81629.46225226166,1047410.0137454886,-30606.493567558875,2020-12-31
2021-11-07,1581552.9475040636,-48994.214259390414,1241491.8781649694,20505.544391933276,2020-12-31
2021-11-08,1571503.012170063,117404.61460237755,1220669.6609284268,145532.9597318688,2020-12-31
2021-11-09,1740076.3702830004,58930.59651574486,1341834.0358381353,94732.38047145531,2020-12-31
2021-11-10,1853675.2237891098,-115468.64894292301,1433530.8328343478,10032.893652107283,2020-12-31
2021-11-11,1841154.9476641263,-55863.27355768528,1442732.423540721,22339.64090248583,2020-12-31
2021-11-12,1976529.1884132635,15103.865701799172,1533558.220603144,52245.50132664432,2020-12-31
2021-11-13,2014041.7412630513,-99097.60590245004,1562778.5312971666,13545.995157758074,2020-12-31
2021-11-14,2033127.6397269734,101762.9378762549,1550002.2150994882,149620.25676088216,2020-12-31
2021-11-15,1941652.519834693,265652.9007169907,1506715.1473045829,224514.2830892648,2020-12-31
2021-11-16,1800144.4448050293,134302.81320531928,1409936.55182388,106113.16644579572,2020-12-31
2021-11-17,1727817.7034173983,94664.87135489617,1350030.050604688,133330.3486520726,2020-12-31
2021-11-18,1629422.0583435406,84711.1302013452,1333373.7621171484,104002.86374389181,2020-12-31
2021-11-19,1512245.5289543788,47685.46059767562,1286578.5524363886,47148.62063717424,2020-12-31
2021-11-20,1585024.2126824975,33256.584547168364,1398425.4583384779,40438.521698229255,2020-12-31
2021-11-21,1383244.7517302688,89245.80526065853,1270850.7233305292,100329.94701325416,2020-12-31
2021-11-22,1414971.211022547,222672.42458842177,1382773.8320035145,269431.1905064893,2020-12-31
2021-11-23,1168027.1903889875,125995.16306254493,1142818.082092932,172271.4247518931,2020-12-31
2021-11-24,1237345.1674097956,8023.840862018804,1215521.3639890887,92700.68586273734,2020-12-31
2021-11-25,1344335.6882065837,-95184.5450608543,1307409.7490016862,8995.953146234202,2020-12-31
2021-11-26,1604043.1567916248,-57749.151400124705,1561605.529769492,5882.587434145613,2020-12-31
2021-11-27,2153598.502853247,-50601.624329716615,2074024.0453199623,32504.8248696016,2020-12-31
2021-11-28,2284588.7642512377,-47668.98571482875,2226846.916957488,-32886.94384087969,2020-12-31
2021-11-29,1962080.3888256217,146315.18884313293,1896288.9902129755,85460.81537192606,2020-12-31
2021-11-30,1834962.7803461351,-82214.5041876083,1774738.8385155469,-173791.1886778218,2020-12-31
2021-12-01,1382204.7366706661,-326256.4712213093,1336173.7228355682,-260267.45480003473,2020-12-31
2021-12-02,853947.9470935436,-367246.9764598774,823917.3636585227,-246352.86313519368,2020-12-31
2021-12-03,903189.8547004369,-309091.674323626,851191.5398459363,-226404.99827747498,2020-12-31
2021-12-04,992672.1301651066,-273464.6537502162,937849.576161395,-254795.9071913513,2020-12-31
2021-12-05,931948.9706385483,-231707.16781265542,901067.2481531566,-205533.31026386798,2020-12-31
2021-12-06,1025309.1059929777,-197403.2189152248,980593.2769330108,-100145.06118430432,2020-12-31
2021-12-07,1025051.5456129374,-215670.4038147691,1005107.1090403153,-153422.16100025177,2020-12-31
2021-12-08,1159578.009588048,-133663.86548925732,1110241.752456648,-118074.76576853813,2020-12-31
2021-12-09,1208557.527042956,-423839.3319756736,1164825.4617537467,-352783.6623546682,2020-12-31
2021-12-10,1158590.4918797521,-395929.94163849176,1112307.3734509826,-281733.40514718386,2020-12-31
2021-12-11,1199337.9204747858,-347368.6877905737,1163372.734616223,-244654.80124852972,2020-12-31
2021-12-12,1343226.6388051298,-207093.2671010942,1286434.7063683332,-197046.48088558987,2020-12-31
2021-12-13,1421065.1445109996,-110539.47204201053,1368333.244429922,-65212.83483902797,2020-12-31
2021-12-14,1429523.1092217418,-240950.28685921067,1371387.0464663755,-214842.51305050228,2020-12-31
2021-12-15,1424209.1850249288,-148006.64615251016,1374017.0526879858,-96385.46823352951,2020-12-31
2021-12-16,1514831.8791119691,-386915.2594252828,1469323.6722578735,-318743.23622635746,2020-12-31
2021-12-17,1506310.128665215,-295241.28690367204,1448053.6894686534,-249562.13553343381,2020-12-31
2021-12-18,1444759.80995944,-154455.59729563416,1393573.805692131,-167494.6730607376,2020-12-31
2021-12-19,1662407.110788674,-80714.01825519522,1612563.1819015252,-58251.556878022784,2020-12-31
2021-12-20,1820517.8577519192,125797.2907794476,1746498.9694973568,107832.53622317022,2020-12-31
2021-12-21,1917659.8221985095,-132266.48390300205,1839686.5637763496,-135669.05757876433,2020-12-31
2021-12-22,1731080.4495317813,-183152.35428281588,1668625.1176992853,-144068.1283812353,2020-12-31
2021-12-23,1512789.3947650073,-147744.59642517156,1454633.2756664795,-158103.73362682055,2020-12-31
2021-12-24,1273231.2913518185,-121898.83919872566,1209509.728415571,-170857.169459615,2020-12-31
2021-12-25,1455431.4130619676,-141949.77990063804,1378717.441246637,-173525.3737949162,2020-12-31
2021-12-26,1535288.1429345536,-130922.70222958058,1467110.2727312744,-132909.69641300375,2020-12-31
2021-12-27,1992524.6501616728,83081.84083129579,1940977.3552882937,120848.78790089356,2020-12-31
2021-12-28,3351187.4652509294,60102.66150900715,3256190.6015144465,204595.69631761132,2020-12-31
2021-12-29,3575174.7909093853,-347776.4008935034,3454719.168036673,-173440.68453537286,2020-12-31
2021-12-30,3063146.4797692546,-391617.0069516758,2929602.868836045,-256992.44313931026,2020-12-31
2021-12-31,2862519.34542005,-538835.2011937884,2739097.52578349,-408257.31850637146,2020-12-31
2022-01-01,2588355.756139847,-551673.3813901165,2330141.5491025727,-472333.951815366,2020-12-31
2022-01-02,1182083.4366133974,-423717.5383038225,987773.4549896296,-328874.6836281084,2020-12-31
2022-01-03,1039952.7389140708,-269135.3750174906,814980.8077489709,-132999.74219487782,2020-12-31
2022-01-04,1092224.8105902495,-341293.3238409794,842053.8748916672,-229075.3539070531,2020-12-31
2022-01-05,1205142.8759352386,-243139.44984379248,922434.1774849112,-158724.84632523012,2020-12-31
2022-01-06,1253797.2547270092,-389733.1824639875,976505.1044346164,-254163.221465693,2020-12-31
2022-01-07,1349841.652555884,-384214.7475873526,1060388.547204486,-246967.16933933785,2020-12-31
2022-01-08,1332567.9259679008,-380520.02562953765,1040109.8384784588,-216814.81248324283,2020-12-31
2022-01-09,1434119.223898972,-244633.85001006752,1132763.3755786852,-152045.67795440805,2020-12-31
2022-01-10,1397188.4319847836,-261689.45992418504,1069194.4692812331,-134551.78686608394,2020-12-31
2022-01-11,1549161.537628171,-280823.0463399695,1201521.3632451282,-142742.0901897149,2020-12-31
2022-01-12,1510679.3549750356,-280622.53215310903,1174078.7382112872,-178371.52950811488,2020-12-31
2022-01-13,1722978.2929079733,-258286.5530490617,1352790.2679327663,-212555.818200073,2020-12-31
2022-01-14,1608678.1899527938,-325378.85381628934,1250387.3601215521,-261437.00559692923,2020-12-31
2022-01-15,1555206.7520410398,-239317.85700874063,1219938.8900425322,-194624.76430889787,2020-12-31
2022-01-16,1568760.6982844048,-127592.0900400542,1220065.7013445513,-133059.81072344226,2020-12-31
2022-01-17,1707838.0412171078,-24040.4181846881,1337895.017815657,27436.554255160223,2020-12-31
2022-01-18,1442831.592284296,-168447.8461130204,1116261.7045400713,-103934.86256847138,2020-12-31
2022-01-19,1468569.5865500967,-215932.7861668505,1147127.9230029914,-166567.65533275256,2020-12-31
2022-01-20,1723041.3544618404,-149022.49276359245,1335855.9290292335,-119475.51876220436,2020-12-31
2022-01-21,1809682.6892281931,-256923.28932291202,1406686.857804208,-186783.4600137783,2020-12-31
2022-01-22,1740388.4000495202,-151754.02701978333,1377451.7500870014,-110921.19527497546,2020-12-31
2022-01-23,1790163.6859932756,-75229.82159810254,1394134.4324731256,-57685.01057640437,2020-12-31
2022-01-24,1836145.9126557733,88853.20436156212,1442943.5766737491,46133.40144103788,2020-12-31
2022-01-25,1801838.211828579,-170514.1174676436,1413877.6704739688,-94437.50905763032,2020-12-31
2022-01-26,1916858.7778275593,-148623.52040850156,1497896.4385069911,-99482.41954380773,2020-12-31
2022-01-27,2440912.3514139075,-71819.00765223031,1900406.7456414166,42999.424035698794,2020-12-31
2022-01-28,3009868.6161841415,-202429.2186220028,2337026.919346317,-33816.99291983643,2020-12-31
2022-01-29,3116954.031908231,-172134.15461111566,2434862.2533770734,-116065.50821065143,2020-12-31
2022-01-30,2908868.2832557494,-275412.65555995924,2276963.5622898615,-247531.71760388717,2020-12-31
2022-01-31,2596410.212284582,-217220.0786027307,2038710.3084438182,-133198.45368472073,2020-12-31
2022-02-01,2303702.625876756,-505774.7174844889,1796858.0394356516,-401613.9572447366,2020-12-31
2022-02-02,1553959.6305540495,-478118.92192804447,1229956.4851452492,-373847.6428504221,2020-12-31
2022-02-03,1347013.3031362072,-471447.0195776314,1055399.2980075576,-311759.20970311016,2020-12-31
2022-02-04,1532644.716990665,-403638.14576011134,1212326.9589016114,-299567.29401622823,2020-12-31
2022-02-05,1669483.5266563315,-293597.4961930992,1323780.432664548,-251906.46336037788,2020-12-31
2022-02-06,1715883.1435092825,-196228.76142167082,1353843.2013911714,-162602.0248067312,2020-12-31
2022-02-07,1742837.2404849578,-60587.21326798037,1364710.642774252,-37067.890061218975,2020-12-31
2022-02-08,1724242.0148497163,-87409.970239513,1368772.0017906534,-67777.39098968412,2020-12-31
2022-02-09,1840550.3762905682,-265694.00942752976,1438507.640594436,-152907.2008217421,2020-12-31
2022-02-10,1934281.7377459458,-272410.17179895064,1513086.2053311008,-216245.29571813266,2020-12-31
2022-02-11,2043305.3524170255,-158317.47793992906,1604195.8764440904,-142264.7985924439,2020-12-31
2022-02-12,1984412.0436527063,-75628.57417886618,1557747.6393189908,-74651.56413604478,2020-12-31
2022-02-13,2142202.75618284,78460.4860084738,1705227.48080866,32466.466564511018,2020-12-31
2022-02-14,2217179.1895473558,68650.75125137676,1765624.5421117884,49447.30352743192,2020-12-31
2022-02-15,1987754.067518898,-165275.21123830753,1549940.9862821633,-135568.34599459768,2020-12-31
2022-02-16,2306763.2009656895,-163493.40029957026,1812480.4274380442,-98681.02439453654,2020-12-31
2022-02-17,2328728.976883875,-43169.07494820143,1826295.907932864,-34858.81211402821,2020-12-31
2022-02-18,2457389.417868209,2430.258291494583,1953845.796183589,-36602.5710561474,2020-12-31
2022-02-19,2344709.4602632495,41801.259871249094,1842635.3839284522,-6883.759194944153,2020-12-31
2022-02-20,2522921.335087458,162274.90974513438,1985059.0954172234,120909.06364712918,2020-12-31
2022-02-21,2356740.361562463,308220.45766786207,1860469.9120382962,229908.64804506593,2020-12-31
2022-02-22,2499156.454587517,22230.566140741837,1972786.2018208683,15514.877593893807,2020-12-31
2022-02-23,2846384.6015274054,130274.49033203258,2244348.671552597,124503.56764759468,2020-12-31
2022-02-24,3255826.14075014,293969.32814515283,2561505.3721415037,173237.6953971963,2020-12-31
2022-02-25,4320154.202307076,190110.41879262144,3417818.4736079443,81951.79004107408,2020-12-31
2022-02-26,4052966.0268640746,-134672.62650558376,3220273.7390471413,-171282.01310579106,2020-12-31
2022-02-27,3651070.5005640797,-41524.34841195936,2883709.778214621,-179323.09301131417,2020-12-31
2022-02-28,2927023.5655542715,183112.70086795517,2301580.9567388254,158087.34513576262,2020-12-31
2022-03-01,1996924.8774902057,-176595.8818734802,1595352.964953035,-241687.91443646606,2020-12-31
2022-03-02,1186314.6010369456,-606903.8447751016,947706.5786906469,-461177.471446473,2020-12-31
2022-03-03,1155871.2168553781,-501915.06271243567,912332.1207311308,-344660.3576160483,2020-12-31
2022-03-04,1562106.6622952805,-338332.1788819261,1225213.160882405,-294781.6744927694,2020-12-31
2022-03-05,1960784.5791323865,-33468.18525807082,1532470.207944266,-49324.92584426839,2020-12-31
2022-03-06,2221158.4983499376,98425.81199197144,1737066.6615879545,31862.4778107098,2020-12-31
2022-03-07,2120038.816797878,121195.69985351557,1649815.1751355764,86701.2877402236,2020-12-31
2022-03-08,2253927.73117823,56840.577007577085,1759725.7968832194,-12546.636904850408,2020-12-31
2022-03-09,2407226.865056729,13344.530104947948,1889691.629908974,-74241.81382144742,2020-12-31
2022-03-10,2666937.340770066,40490.15753197428,2084093.5933547432,-38776.605933059174,2020-12-31
2022-03-11,2798365.3286080677,121554.5330945367,2174829.9232686665,-7666.002605979481,2020-12-31
2022-03-12,2909508.3064439557,170030.36559994915,2292230.6578329382,124304.64599482126,2020-12-31
2022-03-13,2941272.3239887315,405828.0490600774,2290496.1879607434,269546.6810348562,2020-12-31
2022-03-14,3258923.1155888713,696156.3141146728,2529477.5871887,431485.0849307465,2020-12-31
2022-03-15,3173554.9297051714,166977.4747714118,2468863.9035715535,85069.70638931093,2020-12-31
2022-03-16,3087692.8345000646,200960.55379957042,2412232.0009345054,104433.29437178967,2020-12-31
2022-03-17,3613260.6898487816,237454.9195253429,2829535.474151687,171082.00641615025,2020-12-31
2022-03-18,3540084.127790023,371114.92021865345,2844495.0440013525,309331.6410814977,2020-12-31
2022-03-19,3448377.6968967654,539742.663244706,2834834.362915447,469181.1388704868,2020-12-31
2022-03-20,3557521.9592649075,675629.6518719884,2946783.4919539397,549072.3179212477,2020-12-31
2022-03-21,3472288.9412140436,934920.1959105721,2974471.559469074,689407.9516709433,2020-12-31
2022-03-22,3288417.2271767845,654333.356645049,2897061.0700677745,574587.73496533,2020-12-31
2022-03-23,3423124.114977547,650605.5112372197,3039399.477590365,724915.7367011002,2020-12-31
2022-03-24,3605387.7125305664,931148.3573939247,3183962.482494623,746859.5057901131,2020-12-31
2022-03-25,3724120.3305861815,935837.5640506898,3274976.442437198,683316.7272073799,2020-12-31
2022-03-26,3888604.502691814,881035.5767624022,3438481.909037327,668598.2375076035,2020-12-31
2022-03-27,4191743.4802383515,1023725.6119351619,3696317.582623231,890559.3049497494,2020-12-31
2022-03-28,4046445.4413071345,1293366.0252914608,3533882.287120399,901579.8909823446,2020-12-31
2022-03-29,4277099.173752708,1027701.530803738,3765813.828334782,740531.247344652,2020-12-31
2022-03-30,7967622.089975121,1187331.7496764201,7061934.0481891725,921015.6912180034,2020-12-31
2022-03-31,7331097.935870015,652806.942730664,6474331.058373052,619659.7093590816,2020-12-31
2022-04-01,7146721.455942932,291395.4000846773,6336747.294243933,538808.1165063215,2020-12-31
2022-04-02,6627444.127550908,459711.7970861133,5867516.496317793,487464.81702798675,2020-12-31
2022-04-03,5854565.614299955,631413.1900390147,5141670.25120974,636683.1295759083,2020-12-31
2022-04-04,2201729.604704403,368527.92986254836,1938051.317850588,398651.1612768762,2020-12-31
2022-04-05,2201091.0706079295,267270.5441504574,1957083.061565375,151612.11412765004,2020-12-31
2022-04-06,2477374.9531159964,351562.7905766451,2200899.5845275093,185251.35103173845,2020-12-31
2022-04-07,2582340.697149458,393914.9239535326,2274271.300609788,184687.77054367078,2020-12-31
2022-04-08,3009838.8489887277,381827.183632833,2645181.812533752,202452.329788372,2020-12-31
2022-04-09,3080939.678279557,398136.85755133384,2703912.7946552103,405099.946623675,2020-12-31
2022-04-10,3133514.052122113,341518.6212756639,2766070.880301958,338340.2207190826,2020-12-31
2022-04-11,3312810.8579074075,118318.50550121955,2916241.1578906868,257982.46409674882,2020-12-31
2022-04-12,3099123.0874700653,70278.2242721806,2727943.9904247355,176071.1102200608,2020-12-31
2022-04-13,3498387.993500732,449228.83708973275,3099100.966738742,462474.1442133424,2020-12-31
2022-04-14,3680416.613821836,135145.07422087813,3149555.6087402315,186291.47530480986,2020-12-31
2022-04-15,3672862.3901313427,121158.86708408696,3070318.1915104105,233072.6547983238,2020-12-31
2022-04-16,3932818.2945121787,110765.09223799351,3205017.1958483723,183340.97313536395,2020-12-31
2022-04-17,4294602.193310153,267882.42720583023,3432647.335372432,247119.3392416593,2020-12-31
2022-04-18,4047669.5968223913,-18171.78924953507,3135951.3795894473,-8351.443295641175,2020-12-31
2022-04-19,4114835.3208471686,-102650.77564647124,3195397.7832086943,-100499.9280190603,2020-12-31
2022-04-20,4195058.979633759,150087.41988806607,3224720.4759184704,93817.36047087124,2020-12-31
2022-04-21,4309874.738919265,-20289.33569973473,3350410.797469124,175.24784047253917,2020-12-31
2022-04-22,4491247.689464663,-51341.568119136675,3491271.538141404,93087.09782281714,2020-12-31
2022-04-23,4843985.295896177,92613.74654990948,3750887.7151081613,147883.36802326885,2020-12-31
2022-04-24,4542434.054516576,77910.03986344583,3531602.0124322567,229650.9167607798,2020-12-31
2022-04-25,4821402.552125514,-21237.028266863592,3726289.6671699067,58742.73113909329,2020-12-31
2022-04-26,4673527.1706135385,-242342.07219234458,3628607.8549294886,-75437.31628550081,2020-12-31
2022-04-27,5495846.133571217,209711.86819380123,4264307.089569159,239244.1184387248,2020-12-31
2022-04-28,6268586.862570029,187774.36414780136,4845969.081506996,56723.13310172395,2020-12-31
2022-04-29,8574048.896539718,250673.45122948298,6699553.197214556,63118.13201753016,2020-12-31
2022-04-30,7344259.775303504,108007.26259052662,5719112.952581151,85819.44083732904,2020-12-31
2022-05-01,6941649.783346315,-54080.91741758033,5407890.626139954,12828.778301806822,2020-12-31
2022-05-02,5856157.052115575,145959.8045274168,4541233.413125422,12711.271730704426,2020-12-31
2022-05-03,4665517.649405171,-90040.5179790441,3638245.7472134526,-223331.1693700352,2020-12-31
2022-05-04,2137678.1746237553,309687.1913023867,1657820.069082433,-14234.069411722881,2020-12-31
2022-05-05,2620076.9646357303,-96459.85328168466,2017653.5119443438,-226756.19472679758,2020-12-31
2022-05-06,2781444.666737636,-161023.4281459002,2163960.0921527687,-211368.94651380196,2020-12-31
2022-05-07,3068324.426562956,-46345.90898916604,2399530.8053519265,-113081.58447843321,2020-12-31
2022-05-08,3214244.8794724764,72184.30522342882,2487984.256123696,-34951.370244033955,2020-12-31
2022-05-09,3163479.1942436676,188069.0577623378,2470308.498741165,8371.379187456336,2020-12-31
2022-05-10,3364466.1580260484,-70684.27717134113,2598496.912612711,-51112.50632852094,2020-12-31
2022-05-11,3611436.8910878613,-206536.04393164933,2794599.953756412,-193362.1182981884,2020-12-31
2022-05-12,3751931.662403005,-75882.23725006141,2911602.549805763,-183379.22376534282,2020-12-31
2022-05-13,3894026.7729656147,-142588.04937538592,2999810.4643676737,-148652.28009919816,2020-12-31
2022-05-14,4144929.305658579,25995.32514849523,3225940.294689155,-29217.434481541706,2020-12-31
2022-05-15,4247565.369425573,118788.17592522223,3319360.48156387,2620.316579631009,2020-12-31
2022-05-16,4225170.986647073,93534.36953646684,3274771.1532692555,47048.78978242422,2020-12-31
2022-05-17,4193207.9840809684,56451.45967622104,3250431.9888745863,27127.863817434176,2020-12-31
2022-05-18,4060445.7051840397,-102330.92791472246,3180125.8590695914,-123403.3897695845,2020-12-31
2022-05-19,4002015.508955567,-136856.7879191216,3131478.5642125416,-197557.76668870833,2020-12-31
2022-05-20,4403747.577970153,-242079.71357888763,3451603.3383547654,-128388.72312082467,2020-12-31
2022-05-21,4247564.961884517,-127664.36512501938,3308407.753179692,-63716.38274374184,2020-12-31
2022-05-22,4526139.397140736,88770.71662544702,3497744.6175948177,84466.00650176643,2020-12-31
2022-05-23,4659419.746881931,288075.7904928552,3653015.151914304,175557.11891864683,2020-12-31
2022-05-24,4372553.507570788,54887.19998955551,3409063.890407023,93708.10822246976,2020-12-31
2022-05-25,4250424.864944406,243667.8048179379,3270772.441844325,132835.4929886961,2020-12-31
2022-05-26,4119783.038314974,142647.52989373714,3254430.9183731326,177973.82163112468,2020-12-31
2022-05-27,4489234.976686232,268535.63156083866,3519259.0208167913,56841.526378835566,2020-12-31
2022-05-28,5123151.953410419,317380.5642757832,3978022.533082077,136007.6949546188,2020-12-31
2022-05-29,5414473.9524869975,471541.76962901436,4146992.9344274593,426538.4790179779,2020-12-31
2022-05-30,8807206.127463033,863851.1546754725,6872859.412148239,611927.4521290468,2020-12-31
2022-05-31,8277052.77661651,-199035.00121379818,6474094.477248794,80837.12102035174,2020-12-31
2022-06-01,8165755.819801221,-136488.37203686213,6336863.850446074,-93521.64983088181,2020-12-31
2022-06-02,7083057.909461405,-535530.9575627416,5514770.532578572,-395847.88124609535,2020-12-31
2022-06-03,6286717.580504306,-76313.6188970295,4877373.7613557875,-47326.26242954955,2020-12-31
2022-06-04,2853093.7767157755,104181.20438338167,2210220.8923506653,-68076.22658228168,2020-12-31
2022-06-05,3064921.5692566615,-112759.27285338375,2370526.324048299,-162388.98393976243,2020-12-31
2022-06-06,2889071.3044681386,-109884.51343938286,2245856.55508342,-56032.50988486704,2020-12-31
2022-06-07,2920752.8651505695,-130502.02592025069,2249552.470291123,-139512.7056624507,2020-12-31
2022-06-08,3320570.761265333,117230.76247013718,2599970.858922137,-26575.21591306891,2020-12-31
2022-06-09,3454035.700798809,122930.06300166549,2690870.8369409116,39931.14725998785,2020-12-31
2022-06-10,3700175.0606476786,-37344.63560785465,2889366.0114465524,14370.08174873624,2020-12-31
2022-06-11,3596693.915836267,-282768.79001410503,2793106.1484443187,-102868.1202493875,2020-12-31
2022-06-12,3829564.1558863856,-210172.09071804685,2983520.775705619,-39283.58391563231,2020-12-31
2022-06-13,3723250.2354335464,-200068.89024412338,2901529.82608469,-44819.87673793728,2020-12-31
2022-06-14,3941705.426528013,-205078.0188203819,3067150.1988083636,-60687.69816177881,2020-12-31
2022-06-15,4028951.3693775856,169761.10953395322,3130342.2343640192,171371.12325213605,2020-12-31
2022-06-16,4253481.607127401,18789.301895831457,3336438.478987132,45948.0100191892,2020-12-31
2022-06-17,4139826.331115501,-98036.4472946824,3197855.089275658,4196.696288645678,2020-12-31
2022-06-18,4287600.461799654,-400265.42715256667,3350903.487989635,-189632.56437666054,2020-12-31
2022-06-19,4096251.0082363975,-398955.4570113122,3183219.2440940933,-134979.2459347301,2020-12-31
2022-06-20,3881717.3214278584,-245731.94007436046,2997586.220488303,-133113.22348263077,2020-12-31
2022-06-21,3933770.513541577,-291265.05458964035,3055753.243768168,-118909.36955169636,2020-12-31
2022-06-22,4198452.5808521565,49620.974915670624,3260402.855083697,92548.6555889849,2020-12-31
2022-06-23,4001465.149574619,-27437.761103044606,3215844.7406936693,66258.55696638163,2020-12-31
2022-06-24,4171120.403955589,-51272.11794511819,3517891.9309700397,128081.81723196754,2020-12-31
2022-06-25,4259386.473842756,-206330.58389975532,3744319.5048877294,56937.91045843768,2020-12-31
2022-06-26,4325528.562343414,-146957.4833448607,3907932.4083932647,102345.26031804513,2020-12-31
2022-06-27,4104797.5074504483,-113404.9318034604,3916262.87736756,136545.3569713834,2020-12-31
2022-06-28,4387351.724952998,83095.5867202023,4178229.5279789357,201719.98581859987,2020-12-31
2022-06-29,6432018.510603984,688680.3518840671,6098260.843397363,611788.3231865513,2020-12-31
2022-06-30,5399075.966793051,7597.970577079881,5137502.7535614995,80813.3148339334,2020-12-31
2022-07-01,4935189.18647392,-32288.485052946984,4705951.762525524,141846.76730976196,2020-12-31
2022-07-02,4609905.249290105,-246893.84940253416,4365213.059741236,-92800.78135077281,2020-12-31
2022-01-01,2344047.277373495,-148706.00883838258,2341604.0755477333,-235051.3113504453,2021-12-31
2022-01-02,1093300.968793643,-241052.21134183207,991611.041759716,-264010.5782665901,2021-12-31
2022-01-03,936679.6368784431,-233079.77552809165,785494.6447505763,-240927.93413721386,2021-12-31
2022-01-04,998781.2884537267,-177375.54180443694,819979.1166601819,-188043.8745415878,2021-12-31
2022-01-05,1144653.2115503456,-161593.20195308374,943915.3574826046,-89705.04259253436,2021-12-31
2022-01-06,1178013.4184796608,-159954.22706767384,987968.4511314916,-110186.18199855705,2021-12-31
2022-01-07,1203731.758416514,-106057.13132600607,1018837.5603762309,-95804.13960679436,2021-12-31
2022-01-08,1256859.9397274419,-183059.03351155974,1055602.5355881902,-225559.34444581636,2021-12-31
2022-01-09,1367855.4666514576,-99086.30637861435,1161128.870555259,-146583.7161200427,2021-12-31
2022-01-10,1313517.6780855476,-118535.26457248797,1091536.6504888206,-147479.06171722425,2021-12-31
2022-01-11,1541584.6441393087,-43807.153959704396,1284932.9836177132,-76044.68978385505,2021-12-31
2022-01-12,1409746.9437217035,-122734.8971779179,1179157.1435421444,-101406.41565647583,2021-12-31
2022-01-13,1613034.4444351967,-143262.35376747508,1364824.6425299952,-134944.76917241103,2021-12-31
2022-01-14,1448949.4172810435,-179301.1367836084,1211522.1134299573,-173182.9870553331,2021-12-31
2022-01-15,1465072.1080131806,-149602.37185969346,1228587.134828622,-188017.2565586782,2021-12-31
2022-01-16,1558632.134564846,-85423.41816899522,1297927.0300169084,-129389.64497572268,2021-12-31
2022-01-17,1675917.8255330878,-94021.92657684514,1404296.8488139897,-106558.99626775381,2021-12-31
2022-01-18,1578634.1328560598,-123332.5717427988,1298731.0629278745,-70784.8203073937,2021-12-31
2022-01-19,1513057.9315221687,-179182.10728027043,1265034.3331076908,-111878.51378965561,2021-12-31
2022-01-20,1709901.7176202254,1160.994474544977,1412801.2827665715,-35783.99759108838,2021-12-31
2022-01-21,1684571.9887315051,-22901.533044695894,1393547.765464111,-101826.58868495139,2021-12-31
2022-01-22,1650261.1693493198,28866.5654617583,1400696.0058634663,-23078.627886172584,2021-12-31
2022-01-23,1770414.5806554132,70872.14419562301,1475063.6217395358,47406.87656135617,2021-12-31
2022-01-24,1855489.7814554672,118174.91972767618,1554480.7441433948,61287.4186958239,2021-12-31
2022-01-25,1858285.6634558805,-62008.75938783086,1562550.272812895,14971.950668215928,2021-12-31
2022-01-26,2093478.8186118375,-160812.46406315165,1730562.0556153425,-4400.36907062638,2021-12-31
2022-01-27,2402810.143093484,-108338.70735503192,1992595.0744765757,-98535.89886360633,2021-12-31
2022-01-28,2891946.782349461,-198439.58605150518,2395928.9511627275,-175518.25154239402,2021-12-31
2022-01-29,2992000.463538391,-315508.3066097479,2493310.999840785,-359788.9683864416,2021-12-31
2022-01-30,2818038.423965411,-332725.03878792893,2370390.170016221,-373548.11261040944,2021-12-31
2022-01-31,2510274.4013660345,-179240.41834456514,2116753.0613058624,-249176.70986565156,2021-12-31
2022-02-01,2158294.7785897735,-294333.0503747555,1809920.1689013732,-332909.15335634485,2021-12-31
2022-02-02,1476080.0730868443,-429475.5883526069,1251856.7369396798,-349971.0357453566,2021-12-31
2022-02-03,1257124.1419216432,-279136.9681877699,1056612.783245955,-222463.85865448153,2021-12-31
2022-02-04,1405112.2059568905,-184391.30182088137,1177732.22959661,-162409.91642995103,2021-12-31
2022-02-05,1573255.9189393532,-134965.91989258607,1329544.421508919,-140933.28784049532,2021-12-31
2022-02-06,1674980.053726201,-128032.46811786926,1405475.4486284717,-103238.23057089571,2021-12-31
2022-02-07,1732009.9593097807,26960.899347456216,1440087.7316940837,5669.822471901786,2021-12-31
2022-02-08,1667534.689205172,6076.245988147231,1427753.5435552443,-9093.697641875218,2021-12-31
2022-02-09,1773837.801820601,-41025.138182765935,1492490.2357102914,-40133.03792478389,2021-12-31
2022-02-10,1883944.3616340987,-66996.02391078684,1581171.1007033186,-105603.6800527886,2021-12-31
2022-02-11,1908190.1998472218,-47024.67415463333,1608094.5318591213,-83846.86629044182,2021-12-31
2022-02-12,1904046.594377417,-76650.29803682165,1606027.8697282358,-52808.50878602363,2021-12-31
2022-02-13,2124643.7943622204,9059.167687255682,1799780.7890164808,-19015.645745492013,2021-12-31
2022-02-14,2308340.744347698,14093.916162395715,1970823.6112466448,137186.4352683053,2021-12-31
2022-02-15,2139213.1288071903,-98542.47854802258,1783132.448733137,54245.41633448583,2021-12-31
2022-02-16,2259505.189039689,-62111.10671451224,1914870.5817131726,32133.01361075001,2021-12-31
2022-02-17,2348176.181016528,23851.668968956797,1955337.5201624227,-22310.938000754944,2021-12-31
2022-02-18,2301528.436057893,-7815.944507023933,1945897.213314088,-61912.32401980714,2021-12-31
2022-02-19,2296448.8397540306,-35284.84012665463,1924704.8471173325,-98160.7918879729,2021-12-31
2022-02-20,2549218.6973109944,38339.3430812553,2137771.8629427347,6938.831273218372,2021-12-31
2022-02-21,2403222.6917053545,209237.8941543144,2036467.0157259845,247418.26258045036,2021-12-31
2022-02-22,2612579.7783327214,117260.95925215696,2202730.403376043,236500.69165176564,2021-12-31
2022-02-23,3104921.827204852,268859.471500459,2600033.18181321,254794.63537528898,2021-12-31
2022-02-24,3162943.865986213,410577.89273366216,2669623.6803174843,346433.7560593336,2021-12-31
2022-02-25,4276166.68336968,317218.62981613394,3618603.211612658,155308.45141408258,2021-12-31
2022-02-26,3964538.0520907305,-118154.05520370316,3365822.3441334777,-220192.83712630093,2021-12-31
2022-02-27,3576701.36995123,-109655.78691501197,3021263.1749106427,-70707.53401574449,2021-12-31
2022-02-28,2853112.091565899,35791.63264534039,2402176.963838782,71816.09980588421,2021-12-31
2022-03-01,2011447.6399337102,45226.8866172611,1717390.8866359142,1428.2589729577155,2021-12-31
2022-03-02,1239514.4803381637,-319448.8890804238,1057388.615522885,-284249.80950038374,2021-12-31
2022-03-03,1142613.9042288943,-334953.47805737104,973590.0091393054,-277140.33261287084,2021-12-31
2022-03-04,1711787.3443973775,-93933.54637037402,1428937.3514724874,-70269.28617033431,2021-12-31
2022-03-05,1921630.122353156,-131779.86463469552,1613048.242159402,-128399.91920908567,2021-12-31
2022-03-06,2160303.515931514,126746.63964831906,1812731.646708632,5251.358584789704,2021-12-31
2022-03-07,2096010.1477350895,271564.94418241194,1753781.3463531816,177350.0687560721,2021-12-31
2022-03-08,2296276.961653927,291636.7164961851,1903254.4196811703,216499.23490783735,2021-12-31
2022-03-09,2494666.3931489843,190443.50149728276,2096859.510364308,120034.80436028073,2021-12-31
2022-03-10,2718110.7636564,224880.77177286355,2261610.1282121786,60630.53345257236,2021-12-31
2022-03-11,3056846.5925644594,343919.32813839614,2539440.6770132273,139378.6956067653,2021-12-31
2022-03-12,3114626.648733466,167924.16333189612,2632548.271144724,-68072.21063271402,2021-12-31
2022-03-13,2878324.292573616,168996.90728413413,2407564.2199994395,120996.8577567886,2021-12-31
2022-03-14,3066945.2476349487,424889.8770287137,2555658.0673379637,353417.09522080503,2021-12-31
2022-03-15,3185093.381901355,433366.7926861936,2650200.247254294,443261.5429873801,2021-12-31
2022-03-16,3280927.7053619465,383420.57376711344,2762440.8175836923,428421.6816431425,2021-12-31
2022-03-17,3787516.2623396995,636246.1408022034,3162508.961197403,360050.4157138414,2021-12-31
2022-03-18,3841443.781490767,532058.4104135605,3296205.2372949515,369495.7646528128,2021-12-31
2022-03-19,3506528.242974615,250776.6590799492,3075848.5392869427,62220.281924018556,2021-12-31
2022-03-20,3539701.1554467627,360085.9452866384,3138500.3927986366,137909.54477804186,2021-12-31
2022-03-21,3217971.8669217206,488523.3103607067,2955960.2915507243,334304.7059679174,2021-12-31
2022-03-22,3232415.052893987,661664.229756985,3064618.9206728293,536489.3037794944,2021-12-31
2022-03-23,3450180.9753454495,721486.7120762512,3275375.341136885,426839.268931765,2021-12-31
2022-03-24,3676072.8001895216,729833.0347613494,3476000.74814564,608905.109979676,2021-12-31
2022-03-25,3930326.6461917423,639061.2173814982,3693628.800828263,443717.6653906021,2021-12-31
2022-03-26,3910236.0305974972,167580.27278724365,3698307.2429813505,-54311.46035419306,2021-12-31
2022-03-27,4068422.551971242,402696.5021683698,3874359.3709340133,-28428.649311936933,2021-12-31
2022-03-28,3817293.146585386,578109.37756684,3581878.441171678,338499.95425722783,2021-12-31
2022-03-29,4093979.371922398,679364.9378801541,3864168.181320275,507276.2358116062,2021-12-31
2022-03-30,8336464.041430673,1282960.7482928487,7904944.557820454,1024745.238658104,2021-12-31
2022-03-31,7679861.168396445,542520.6582634156,7280662.327837364,576250.7523734738,2021-12-31
2022-04-01,7405266.215205205,813499.775384244,7039633.177908065,642889.350662653,2021-12-31
2022-04-02,6907475.916855945,214359.30773716624,6560867.5767566515,353874.4505864473,2021-12-31
2022-04-03,6068391.645191613,193865.0411086034,5735540.897716356,193533.43285797347,2021-12-31
2022-04-04,2062812.4622871864,-175086.05739193648,1960455.2283189974,-76063.57059208948,2021-12-31
2022-04-05,2274526.21362301,-37910.97471976188,2183938.1010131827,-6632.484244410026,2021-12-31
2022-04-06,2497368.24128497,244982.6657303127,2384946.551302751,149462.26047999406,2021-12-31
2022-04-07,2769186.18425639,360626.55610411934,2613625.4903316363,80603.82985685726,2021-12-31
2022-04-08,2996119.490894227,96430.324686783,2814074.1467108685,-56022.347383032415,2021-12-31
2022-04-09,3106761.873361446,-31507.06376904781,2910547.5616939166,-110151.80105810038,2021-12-31
2022-04-10,2948146.99362652,-24645.31777538844,2786281.763703874,-40133.104731488325,2021-12-31
2022-04-11,3296202.7377819987,-20488.485422414728,3117430.225588382,-2178.007819327733,2021-12-31
2022-04-12,3137702.0034139077,111480.87286665206,2972099.0583094796,17203.300302380696,2021-12-31
2022-04-13,3463547.200034358,438032.7274239292,3286314.490254628,185217.25456206524,2021-12-31
2022-04-14,3948164.1508814464,412916.7177499047,3646827.404014864,253838.9308681428,2021-12-31
2022-04-15,3770130.852656549,-13292.91372554101,3380699.6003319393,-27233.38713569523,2021-12-31
2022-04-16,3904409.899183634,-119504.75205215982,3445409.035566507,-142097.69645855224,2021-12-31
2022-04-17,4096984.4358974267,18514.017168260572,3532265.710532506,-76818.70370068244,2021-12-31
2022-04-18,4056330.127708104,-139707.99070742924,3355211.4454127057,-232854.7693426213,2021-12-31
2022-04-19,4052850.5006066193,-126857.22602196546,3395146.4220169107,-254154.1235995866,2021-12-31
2022-04-20,4191533.8907714384,199867.93481962616,3453843.082359308,87542.2109301205,2021-12-31
2022-04-21,4432765.542487383,378411.5678533846,3682950.7278532903,329903.69807481556,2021-12-31
2022-04-22,4460212.452027366,-357962.540309816,3708964.8841942833,-401313.2857056225,2021-12-31
2022-04-23,4428370.127267014,-322938.5476744642,3686314.1214483296,-252860.94157230953,2021-12-31
2022-04-24,4264810.438914877,25416.380400089613,3576473.173891631,43502.766923738905,2021-12-31
2022-04-25,4632162.574696227,-164168.01699703708,3844038.4668321856,-239725.63158702612,2021-12-31
2022-04-26,4740744.773773505,-334385.22380784235,3951433.7407484083,-321910.47542610066,2021-12-31
2022-04-27,5608770.997046035,373330.64519055496,4676504.314751204,319242.6831313969,2021-12-31
2022-04-28,6202277.648538262,495143.3476841335,5122526.603952509,236666.55563041114,2021-12-31
2022-04-29,8660489.34280803,11284.512269972714,7263101.35320825,-264187.58715921536,2021-12-31
2022-04-30,7274105.8374862885,-538601.9130076906,6084299.362520434,-466959.5123657917,2021-12-31
2022-05-01,6677520.771558516,-241157.5944106692,5584867.538290596,-276246.60308489675,2021-12-31
2022-05-02,5591428.015336,-206437.07854452723,4663094.7023746,-300226.7840426941,2021-12-31
2022-05-03,4456618.92931014,-210193.79875208408,3734112.3380786106,-280241.58256426844,2021-12-31
2022-05-04,2107736.527267096,57903.81809022804,1758767.5579701182,-26474.216420960056,2021-12-31
2022-05-05,2602775.9548764746,-41428.032787518336,2135705.1468162737,-37869.732052595304,2021-12-31
2022-05-06,2805794.7890427816,-43003.98101878987,2340893.6707095713,-75116.72947464649,2021-12-31
2022-05-07,3134615.519732051,-181457.58965877045,2631309.833362972,-230596.8811216648,2021-12-31
2022-05-08,3064571.5095674703,27393.54439757521,2560375.0910949707,-23295.153216293445,2021-12-31
2022-05-09,3155299.604785702,166449.69827107165,2657148.8118113154,73504.46943392819,2021-12-31
2022-05-10,3446021.329731923,103518.40780883977,2846210.559190386,9917.44263834757,2021-12-31
2022-05-11,3652023.656592673,23943.408259451047,3051743.8932274873,-164652.4124664553,2021-12-31
2022-05-12,3980979.6998572415,47123.907158813636,3307161.5745364246,-29723.528507837007,2021-12-31
2022-05-13,4203674.43405976,30471.150089744446,3488493.9708422064,-45913.44492025018,2021-12-31
2022-05-14,4324998.768428808,-132797.86505264262,3605679.452590199,-273415.6931744326,2021-12-31
2022-05-15,4190347.4328366118,-68267.97249062355,3516392.381527545,-175474.87486393505,2021-12-31
2022-05-16,4080338.5371867223,-56265.518883088924,3398035.6110808565,-11591.475769507597,2021-12-31
2022-05-17,4231555.428348662,1489.687807584713,3521752.2301480295,2416.0620877087144,2021-12-31
2022-05-18,4067608.392871034,-191363.22579784808,3413841.167040414,-154513.91809004874,2021-12-31
2022-05-19,4142469.0983097088,9034.601948769749,3468185.304647848,122513.463787259,2021-12-31
2022-05-20,4540757.799971889,-161837.35760998653,3796156.7283837413,-108543.530007915,2021-12-31
2022-05-21,4486486.414232449,-401659.3119614612,3729490.525794742,-405806.6665393057,2021-12-31
2022-05-22,4479019.228834446,-374930.91249028535,3715268.2698658947,-254309.9750609371,2021-12-31
2022-05-23,4380934.931670566,-275305.4106553474,3702613.8407592517,-146439.72927710257,2021-12-31
2022-05-24,4310505.803802432,74681.5859153634,3607217.1206156802,35778.90521227663,2021-12-31
2022-05-25,4295832.136866686,210349.23272434538,3562015.0630904306,-161885.46669933962,2021-12-31
2022-05-26,4413422.778301434,536746.6544319793,3741312.8257298707,345341.29807516065,2021-12-31
2022-05-27,5021210.682949568,389997.9686077713,4225558.158000544,97999.71909629516,2021-12-31
2022-05-28,5453426.357319179,-220560.81101830362,4532492.912416573,-376931.59575701173,2021-12-31
2022-05-29,5370079.775180349,-126038.67459038472,4421274.3964781165,-342950.8300060315,2021-12-31
2022-05-30,8836965.971640034,569210.539572719,7423728.414522274,141662.92145480242,2021-12-31
2022-05-31,8122512.081119708,27267.239850568993,6802116.752589718,-151272.95726895443,2021-12-31
2022-06-01,7998402.249192847,-67376.23872107772,6688985.954056635,-314170.70253249974,2021-12-31
2022-06-02,6944889.592868229,27325.33735971713,5798659.569124039,-129870.52695478332,2021-12-31
2022-06-03,6290832.733693511,53443.50861095581,5233084.407302122,-199579.21900402178,2021-12-31
2022-06-04,2720659.484269999,-164773.04407230535,2271308.4444471383,-170571.7541913301,2021-12-31
2022-06-05,2860683.784285004,-90227.07949196255,2365665.5243353643,-127674.95243305627,2021-12-31
2022-06-06,2892068.738129514,-123017.5762605727,2405753.944239661,-108946.75371439356,2021-12-31
2022-06-07,3064183.9382199217,29810.035626753946,2548255.065463525,-89905.98262639003,2021-12-31
2022-06-08,3500071.0330278715,91192.71608771628,2933749.0647155703,-27965.287593044013,2021-12-31
2022-06-09,3587279.4994229726,-89400.57825742001,2995646.9130522925,-31022.681585122973,2021-12-31
2022-06-10,3816984.771736779,-130902.33627120782,3192413.0433777263,-215018.39625420969,2021-12-31
2022-06-11,3576315.8270024145,-374761.6462149785,2989289.915376946,-316732.6293321321,2021-12-31
2022-06-12,3683404.3125932515,-306701.5905856938,3077415.8720323327,-369442.4331718195,2021-12-31
2022-06-13,3572874.9249444334,-56533.22701426713,2991319.995353144,-205630.3343746711,2021-12-31
2022-06-14,4027222.7264323826,-12662.752701373673,3342571.941895785,-143938.35768256302,2021-12-31
2022-06-15,4109840.4155599517,316545.49602948705,3426333.098166114,53521.51786420945,2021-12-31
2022-06-16,4355401.618363516,347991.8426234186,3657247.4960723906,-8421.44982432658,2021-12-31
2022-06-17,4376022.756410238,59811.164127387405,3621018.66113884,-148625.9743734016,2021-12-31
2022-06-18,4270351.394213008,-375670.5648542043,3563680.2070007143,-406434.0554775313,2021-12-31
2022-06-19,3927269.201014606,-459197.166048601,3283293.287466432,-366838.24053658335,2021-12-31
2022-06-20,3682306.4452780285,-324076.77377194806,3062697.0996460463,-313381.44847691245,2021-12-31
2022-06-21,3898631.2238076455,-332540.44722389773,3255541.011372352,-302013.6646877915,2021-12-31
2022-06-22,4238361.291852245,170693.62350302396,3526592.2150418996,31836.647276737123,2021-12-31
2022-06-23,4150176.1293764478,533599.5306593102,3567652.678109912,312906.85035459045,2021-12-31
2022-06-24,4351394.565536607,-116087.47872632706,3922950.2891846313,-273340.66371934616,2021-12-31
2022-06-25,4102165.48840535,-415812.7685744402,3845742.2028477383,-419738.2285670353,2021-12-31
2022-06-26,3996771.009547137,-376521.548450436,3865082.512678085,-352004.0261125029,2021-12-31
2022-06-27,3953940.988228678,-186164.20919130213,4051071.987979603,-374674.8044214543,2021-12-31
2022-06-28,4388944.351399162,-176904.99135910397,4475251.722959951,-343884.66886765545,2021-12-31
2022-06-29,6366822.922211231,398583.00925369625,6498130.32785127,282241.4506836131,2021-12-31
2022-06-30,5411806.578062984,200472.27428048427,5516626.495163909,113655.28814984641,2021-12-31
2022-07-01,5016484.529762586,-53207.01087803178,5138688.430334612,-64900.8474520492,2021-12-31
2022-07-02,4554801.1716630645,-381175.34750340314,4633988.468132284,-325316.81022386614,2021-12-31
2022-07-03,3823409.511958562,-214796.23234489383,3920227.016741032,-168569.40859485936,2021-12-31
2022-07-04,878146.4481187775,-128484.34818289483,873193.0947656158,-46773.490162221344,2021-12-31
2022-07-05,1530369.3180285387,-65338.31862180877,1547942.0088006877,-33883.13944209363,2021-12-31
2022-07-06,1602930.7761846504,33007.945206364035,1655448.0092665725,88018.26723970308,2021-12-31
2022-07-07,2007146.4499687627,105004.93386512905,2057905.0664702018,188190.42027000076,2021-12-31
2022-07-08,2078455.866678954,-91255.31969861877,2127015.3980056043,132799.6549077125,2021-12-31
2022-07-09,2614401.8869210626,-74282.97920542385,2649860.7032618118,33963.50867590547,2021-12-31
2022-07-10,2516074.7691685655,2639.8350328456995,2524765.890923899,81876.38395969561,2021-12-31
2022-07-11,2662748.7657982023,97261.33678047793,2709933.4137108354,53453.544907678144,2021-12-31
2022-07-12,2550489.28275215,108557.73666773083,2590782.388222634,80703.52978968267,2021-12-31
2022-07-13,2463385.231299158,159877.86903116884,2482977.2582657975,58699.85906767097,2021-12-31
2022-07-14,2567506.206251156,239176.33878569616,2602476.1960712853,227162.81972406377,2021-12-31
2022-07-15,2937236.4571613884,-134619.6800694084,3014009.1262581893,98119.05527098555,2021-12-31
2022-07-16,2910151.73575052,-288329.2726437864,2970212.9786425387,-66247.7893687306,2021-12-31
2022-07-17,2858534.0109184575,-54899.22159116351,2909552.5374712837,-2507.26587052807,2021-12-31
2022-07-18,2831278.307548881,50625.76620823862,2909541.4248337783,46790.33847520689,2021-12-31
2022-07-19,2719444.948770434,-83075.8566878448,2625297.9691841775,41207.74782113796,2021-12-31
2022-07-20,3028854.4065181003,6759.934337965953,2795381.9463358684,110769.09137098784,2021-12-31
2022-07-21,3147183.139322033,97735.01479034762,2806694.5116761825,158091.67774137127,2021-12-31
2022-07-22,3383351.2907382366,-115328.17235729772,2917672.214276153,-39647.49400247209,2021-12-31
2022-07-23,3567658.029813566,-410169.4708011319,2990151.580347071,-304970.76674810046,2021-12-31
2022-07-24,3227681.2672387427,-156695.42032972368,2697328.9066186417,-129442.75588204146,2021-12-31
2022-07-25,3247840.059042418,156061.07485637005,2726787.729190362,158694.16248860618,2021-12-31
2022-07-26,3372391.4370598444,-187691.4278705105,2812375.1366415597,16199.669298889563,2021-12-31
2022-07-27,3319101.329841775,90559.4993103873,2772010.7126552192,87848.40254799493,2021-12-31
2022-07-28,3706748.1317617716,138385.8598281824,3089491.5442199176,276993.8951443357,2021-12-31
2022-07-29,4267479.958737627,-25860.47905544283,3565902.860720537,231215.38227320218,2021-12-31
2022-07-30,4622148.549007335,123856.88859479889,4237873.755830766,-4800.127002619055,2021-12-31
2022-07-31,5635271.43422201,93853.58403908294,5431034.461597439,55983.88849514055,2021-12-31
2022-08-01,5119478.791188584,-193733.13858051816,5017660.643484173,-43319.886631687485,2021-12-31
2022-08-02,4465944.045939141,-50496.575760869215,4471251.9773522625,475.00955909850063,2021-12-31
2022-08-03,3734939.345368322,-130177.2312799503,3911929.16245871,-73012.95616430453,2021-12-31
2022-08-04,3021339.4923600624,55757.67616911318,3163292.57049331,167239.30976043676,2021-12-31
2022-08-05,1798253.6247503634,87177.96536230914,1860586.4424067566,277443.08049868024,2021-12-31
2022-08-06,1990324.3853075833,-7205.660277116566,2123080.815861112,181222.15706226838,2021-12-31
2022-08-07,2064201.056013541,55638.0549561687,2168827.2279566703,219795.55658552557,2021-12-31
2022-08-08,1806469.9118666553,155196.3517448631,1936996.293501963,315213.86157963664,2021-12-31
2022-08-09,1910733.444139492,155480.34942937747,2027271.2447800704,333250.9215512723,2021-12-31
2022-08-10,2027009.2289172108,133419.6418214706,2131417.5848823716,321991.64720266865,2021-12-31
2022-08-11,2214525.653378916,189978.78546184712,2425068.9262811854,330828.13031475764,2021-12-31
2022-08-12,2447334.7434474546,-652.8570606025665,2624772.498892764,325248.43254594895,2021-12-31
2022-08-13,2250488.2693851665,-121352.99146968662,2408225.115436416,77991.02588461405,2021-12-31
2022-08-14,2436926.806999812,-775.6106080054216,2566789.6132377037,235389.1716276959,2021-12-31
2022-08-15,2313354.489865419,109787.47645588669,2493247.616775238,356389.5109199045,2021-12-31
2022-08-16,2242588.3336611777,149039.65619680335,2412527.376323051,320862.4849802479,2021-12-31
2022-08-17,2395310.1770243007,137900.86505153423,2582403.8964044857,358740.407420565,2021-12-31
2022-08-18,2551462.5681877397,79635.81192382632,2703489.5387656526,347138.86122065096,2021-12-31
2022-08-19,2583958.4010549183,-1514.4632793576502,2777922.6635251585,299223.7454258205,2021-12-31
2022-08-20,2597612.2936239303,-183102.60269757386,2821408.388516448,32051.532093358088,2021-12-31
2022-08-21,2581169.9324578857,-96997.80834937305,2714813.074705955,55927.05977908203,2021-12-31
2022-08-22,2363068.3302689875,35201.53883386508,2524553.32208755,289994.3591005488,2021-12-31
2022-08-23,2180313.050154102,-56725.53265209114,2330720.0521286465,247834.325348711,2021-12-31
2022-08-24,2266086.886686873,-97520.0717666415,2522671.569367906,187459.44730512853,2021-12-31
2022-08-25,2505973.281210091,-30087.396320278538,2653334.907317064,240571.8580515209,2021-12-31
2022-08-26,2325522.605113642,-24367.710878880884,2508036.0374455224,160457.9254396444,2021-12-31
2022-08-27,2714425.56647436,-98462.15645415398,2817076.2859047516,18209.87596619068,2021-12-31
2022-08-28,5314286.486022207,-95665.90794493326,5484469.203957808,38943.39860732921,2021-12-31
2022-08-29,5523863.143403352,156476.043820444,5850690.189218344,190564.04502541956,2021-12-31
2022-08-30,5549557.832137648,350446.3456077909,5746123.6477941405,277854.2620799646,2021-12-31
2022-08-31,5382251.618538335,258052.93823818123,5625734.399399279,271253.24529198254,2021-12-31
2022-09-01,4698036.779682753,246129.35851765162,4857017.624140478,345521.031364131,2021-12-31
2022-09-02,1911255.163945186,-153269.63669055,2068759.9290873478,-49170.881669607064,2021-12-31
2022-09-03,1446811.35713062,-204455.76038489662,1353879.6780319326,-158084.27734116142,2021-12-31
2022-09-04,1467459.09317905,-117095.50566029208,1370531.765944923,-91750.2830013274,2021-12-31
2022-09-05,1839293.027585519,-100220.95871509907,1737463.5755858156,-43934.76018311078,2021-12-31
2022-09-06,2115957.2516708462,-12339.999566947163,1971380.1728720004,-16786.853000109873,2021-12-31
2022-09-07,2004129.132707403,105702.44236687008,1830252.9815321271,118122.9374345396,2021-12-31
2022-09-08,2252701.5821819566,273752.49876503483,2099219.6061489685,182002.17444534143,2021-12-31
2022-09-09,2192265.53272285,-204831.1823161159,2019767.0793449832,-140103.06353920585,2021-12-31
2022-09-10,2003195.613689465,-191651.40617921276,1865267.5546990412,-167478.99154727365,2021-12-31
2022-09-11,2149769.072963794,-107015.02356014734,1990871.9944894987,-57918.80460782926,2021-12-31
2022-09-12,2432712.6577062947,-3669.70922806077,2285203.8171976325,112131.1053571664,2021-12-31
2022-09-13,2492501.7896741237,264775.07142068684,2309355.7105734358,266110.0309291851,2021-12-31
2022-09-14,2447796.9436910637,342122.0613593261,2296293.8170700613,157270.5228761505,2021-12-31
2022-09-15,2347514.210101931,319548.37377967866,2138687.177982013,237716.1243309438,2021-12-31
2022-09-16,2266378.5137481345,-228457.85229252212,2123602.1876166146,-190531.03292437023,2021-12-31
2022-09-17,1966129.9773954083,-209977.82636872138,1819807.5045141277,-115114.64825706319,2021-12-31
2022-09-18,2236613.85396826,-84145.40818171542,2053936.2845121792,-84155.40583228244,2021-12-31
2022-09-19,2296977.34808483,-52520.5568874193,2124508.130770672,26635.804559564654,2021-12-31
2022-09-20,2289219.741585207,110523.238881969,2126088.398639188,87707.55682757901,2021-12-31
2022-09-21,2713668.907847114,214379.7281522487,2526769.544400631,161415.63444983677,2021-12-31
2022-09-22,2361476.249527713,39458.89538092904,2173790.2563073323,80562.90365155795,2021-12-31
2022-09-23,2332485.1765970415,-181656.87342158367,2215044.5942550623,-113812.09952234123,2021-12-31
2022-09-24,2278365.2384511894,-246635.94677251347,2113797.8834530814,-144248.23342996754,2021-12-31
2022-09-25,2585084.931416172,-78470.74608618335,2391406.474622496,-29379.366040513672,2021-12-31
2022-09-26,2757287.6247530957,-56341.23553823323,2557740.3670307617,-19874.90587913051,2021-12-31
2022-09-27,3820214.1740434845,79536.4518107724,3572261.3771152846,66829.34055929535,2021-12-31
2022-09-28,4023525.320898659,443560.4354765581,3771331.3056092276,262014.28619203455,2021-12-31
2022-09-29,3363000.5247106287,283038.93594401743,3084640.4831994413,120430.64287765972,2021-12-31
2022-09-30,3221472.499158399,-34606.32028678554,2910401.3632707847,-4031.0857096899776,2021-12-31
2022-10-01,2497438.9653350287,-92307.60717284221,2232312.2117252867,-98019.06350279636,2021-12-31
2022-10-02,1372540.5893250774,-76107.15512426538,1149905.2802490436,-126934.18218379644,2021-12-31
2022-10-03,1434246.404948524,-169242.58533288498,1203772.899020001,-177942.1649174092,2021-12-31
2022-10-04,1639944.8948007699,-138592.00165425113,1371188.8095820865,-85734.55025002494,2021-12-31
2022-10-05,1745594.0797083415,-56105.914948578924,1443756.0910631965,-26396.63162256629,2021-12-31
2022-10-06,1913270.666546477,-9842.93550098062,1608647.0130639817,-52426.275887784366,2021-12-31
2022-10-07,1860744.3837101725,46922.034364147694,1522200.3699182414,-31660.05575131743,2021-12-31
2022-10-08,1722738.402983888,33511.32004581137,1442497.9840911054,3941.3623046468674,2021-12-31
2022-10-09,1617104.5631310751,30492.663934277844,1357219.1001451921,7403.514702794368,2021-12-31
2022-10-10,1770761.0015776744,-35643.2970099854,1468675.25134854,-46542.08446674077,2021-12-31
2022-10-11,1939008.1759570874,16494.59557576531,1603705.4364767948,30772.773149603825,2021-12-31
2022-10-12,2078485.6343837671,30044.328537086683,1751350.0223500233,86299.47275328898,2021-12-31
2022-10-13,2257263.4371180437,58252.60398304178,1894371.3297110524,52745.73033668425,2021-12-31
2022-10-14,2130699.8205176196,-10037.415823803107,1760996.1647874566,35394.120958154745,2021-12-31
2022-10-15,1930255.8182835944,29134.612590102854,1604154.5224708645,17106.383397675938,2021-12-31
2022-10-16,2023985.9699532401,49811.469278006145,1674438.7676456596,56260.01465919311,2021-12-31
2022-10-17,1824374.1250503557,72568.67798827257,1513532.4229704558,71716.13310386155,2021-12-31
2022-10-18,2126071.146602496,43090.22537936705,1775728.5166067658,28379.951166873867,2021-12-31
2022-10-19,2190024.093119655,108617.97306991446,1825937.3901682245,55112.13507448058,2021-12-31
2022-10-20,2253608.5397065384,105832.64714086844,1882640.0476582793,24507.845841816983,2021-12-31
2022-10-21,1994032.944444486,-5477.087944201324,1672407.85800273,-31994.6191868359,2021-12-31
2022-10-22,2080473.9110976483,5451.527175729472,1772273.4825391443,7153.667649663949,2021-12-31
2022-10-23,1827602.1785477488,39790.64304897467,1515803.6955938172,39179.29287510288,2021-12-31
2022-10-24,1933370.5953367215,131623.92643344577,1620599.003436654,106370.78380902657,2021-12-31
2022-10-25,2313840.1679444625,74627.06719596454,1904623.889780356,47799.62821378432,2021-12-31
2022-10-26,2339797.962494308,11785.136617352558,1952631.4326487528,-73395.30302445845,2021-12-31
2022-10-27,2457412.8878802746,51098.50685674201,2076396.6458908764,-106730.73068870018,2021-12-31
2022-10-28,3310700.094703134,122770.24832208239,2798813.8284031684,-21265.043027926713,2021-12-31
2022-10-29,3740955.536429425,132534.0320847137,3171160.6299659326,35871.64983266266,2021-12-31
2022-10-30,3419664.885767615,82856.16432546603,2885744.4886385542,31959.662499577647,2021-12-31
2022-10-31,3194568.4801555974,256854.92920219075,2682339.8864885853,179884.364250102,2021-12-31
2022-11-01,2858774.477873602,176273.54665169332,2365080.3934408333,171948.21207900535,2021-12-31
2022-11-02,1736399.8033518984,143331.2835157414,1456717.1191296035,17243.10429143229,2021-12-31
2022-11-03,1151090.3259301046,-65020.034836629726,946655.3945790578,-80463.30361275472,2021-12-31
2022-11-04,1297925.3960636223,-4193.799350740373,1097385.8683694252,7370.653881054758,2021-12-31
2022-11-05,1396309.0972262814,-3483.1688185105354,1170502.5641308904,-13320.89026987055,2021-12-31
2022-11-06,1422247.1514363775,51992.47628896784,1178124.9965960116,82203.32615317001,2021-12-31
2022-11-07,1517705.1764733223,81271.44947265991,1279129.7490318683,135982.59710342376,2021-12-31
2022-11-08,1643644.6080138523,77421.32258357524,1367285.3252518864,143271.74844917704,2021-12-31
2022-11-09,1874806.1147272089,120686.39039988726,1563641.1697098697,139829.1362966262,2021-12-31
2022-11-10,1846213.2531790824,3866.8501826013053,1548118.1430029958,69494.86460437048,2021-12-31
2022-11-11,1727643.749647064,-87929.83042913368,1462265.4246533304,-50574.88107202493,2021-12-31
2022-11-12,1776419.4431280755,-14920.591755322323,1496575.5399159258,-61183.42889559615,2021-12-31
2022-11-13,1790668.7671519455,-26948.563509633597,1507836.5912168936,-1201.9809154899692,2021-12-31
2022-11-14,1924722.480895036,82742.79179021361,1586587.6891710141,93387.55079240685,2021-12-31
2022-11-15,1811384.663054617,44942.53871348504,1509467.7625812832,99454.69023922899,2021-12-31
2022-11-16,1783961.8997550132,104974.54785624215,1497899.678259853,112574.7809941622,2021-12-31
2022-11-17,1715064.9853163236,199143.3386281042,1453521.7533952356,129519.19803284269,2021-12-31
2022-11-18,1657824.5555719284,57944.89960812222,1456511.4928058027,53572.28377234771,2021-12-31
2022-11-19,1401837.934482119,-26396.085834351747,1286764.7932679055,-73611.62616541317,2021-12-31
2022-11-20,1444708.0995943698,-38313.250259372915,1379945.6461888994,-28219.592934850087,2021-12-31
2022-11-21,1320624.6361909732,131266.14186801034,1318709.5464614013,127070.09588835719,2021-12-31
2022-11-22,1397553.7301272869,149873.97003765544,1470353.7131195648,190002.05160099472,2021-12-31
2022-11-23,1198504.0954133524,184136.9647353098,1259326.42236696,227546.93512885028,2021-12-31
2022-11-24,1237154.3317883515,64142.8360551066,1304617.169237437,147708.64755521648,2021-12-31
2022-11-25,1303782.4604139342,-25333.508259368424,1366433.8370334385,-13779.403766911999,2021-12-31
2022-11-26,1467820.2380894625,-168318.58983282992,1543127.5464360309,-156007.39615070343,2021-12-31
2022-11-27,2066176.552284662,-51911.86078766144,2155938.5099217407,-93252.81955988861,2021-12-31
2022-11-28,2279216.973407542,7809.045020905007,2380159.824486915,38127.26525803701,2021-12-31
2022-11-29,2035804.3223833991,-21593.54335289047,2114127.5663766447,49271.14261650476,2021-12-31
2022-11-30,1982166.8910133324,-88222.8472221784,2056440.1743688623,-5190.00948595313,2021-12-31
2022-12-01,1417941.5322933674,-127552.56369700254,1468900.2919356483,-73431.89452416726,2021-12-31
2022-12-02,907802.3627892853,-213125.07516011098,948373.2893339108,-221909.8874720361,2021-12-31
2022-12-03,817047.0261985739,-167849.32908257915,832054.162228986,-193514.36632704476,2021-12-31
2022-12-04,856889.656310592,-60583.96940493978,866310.1673651268,-101578.3585613468,2021-12-31
2022-12-05,886484.1620131512,-20851.699835794032,914702.9066840711,-76240.64064760797,2021-12-31
2022-12-06,1027726.143659074,-72842.64224726454,1045958.0693803944,-79599.99883089722,2021-12-31
2022-12-07,991643.0510541135,-111951.85559959762,1047995.068928587,-115590.74577897134,2021-12-31
2022-12-08,1130101.9083345705,-117762.57644254436,1168882.9488903105,-105663.36736404321,2021-12-31
2022-12-09,1169404.6701801994,-159261.87412230333,1216814.944246471,-131764.93942854946,2021-12-31
2022-12-10,1123488.8843079228,-88658.21449682649,1163648.1426561258,-87080.53724320959,2021-12-31
2022-12-11,1070829.7270517582,-155281.51323982445,1121090.0417594332,-117441.30109410507,2021-12-31
2022-12-12,1257756.5357732926,59080.972470701534,1297025.1603245751,7086.945761846849,2021-12-31
2022-12-13,1380869.199979232,-97887.21186389525,1436205.2726514451,-126260.4327275346,2021-12-31
2022-12-14,1468889.3720366312,-39613.90586053658,1511124.7419810812,-91561.02523092323,2021-12-31
2022-12-15,1464789.3609746515,-53125.28312540342,1522317.529176786,-104033.33047481555,2021-12-31
2022-12-16,1511985.255911176,-137503.21496091646,1577384.79496249,-159015.3375619847,2021-12-31
2022-12-17,1427755.0574892983,-22927.01981976168,1490187.47849775,-63604.49797914849,2021-12-31
2022-12-18,1333835.1264796206,14001.931282811864,1378000.2388989085,-43108.207561382915,2021-12-31
2022-12-19,1601180.3582632605,54678.20930370252,1666904.3350439619,4313.8699336842965,2021-12-31
2022-12-20,1818490.2641570633,50562.75399412578,1863431.3620156767,66537.08080129832,2021-12-31
2022-12-21,1901334.4133437607,126505.73974546698,1971680.2507344452,100955.8461786016,2021-12-31
2022-12-22,1734409.3033236298,133862.01102236882,1785043.5067483822,100540.73802964101,2021-12-31
2022-12-23,1571689.2161901898,-3980.8785133867195,1630067.3315905125,-62610.20064021869,2021-12-31
2022-12-24,1237029.176429958,-45759.839940609425,1272292.0821111852,-61583.05010522869,2021-12-31
2022-12-25,1284076.069375656,-165668.64385624568,1315064.6887932015,-160036.42977058233,2021-12-31
2022-12-26,1429447.728412753,9119.597780889648,1467520.8078392923,-10433.136378086052,2021-12-31
2022-12-27,1958552.3067564717,-102930.47235485975,2041632.4853528829,-121481.99832404435,2021-12-31
2022-12-28,3276602.0868411027,243888.2946341703,3418957.0397226433,127785.34153514415,2021-12-31
2022-12-29,3541412.1498015714,184759.5267521119,3683336.224184979,191262.78131870498,2021-12-31
2022-12-30,3062674.3909741435,-7784.57444598753,3156595.240060041,-11182.385281065948,2021-12-31
2022-12-31,2727757.1439946615,-335291.1823886764,2819476.567004266,-262954.9399833115,2021-12-31
