model,variant,target,fold,train_start,train_end,valid_start,valid_end,MAE,RMSE,R2
calendar_blend_valid_scaled,seasonal6_week25_trend0_scaled,Revenue,F2020,2012-07-04,2019-12-31,2020-01-01,2020-12-31,565722.9070220584,781231.3405523952,0.771711302927835
calendar_blend_valid_scaled,seasonal6_week25_trend0_scaled,COGS,F2020,2012-07-04,2019-12-31,2020-01-01,2020-12-31,437300.0577543062,591905.4696386157,0.8120048815238665
calendar_blend_valid_scaled,seasonal6_week25_trend0_scaled,Revenue,F2021,2012-07-04,2020-12-31,2021-01-01,2021-12-31,542860.6174738349,762416.2225210139,0.7843625219572781
calendar_blend_valid_scaled,seasonal6_week25_trend0_scaled,COGS,F2021,2012-07-04,2020-12-31,2021-01-01,2021-12-31,472241.81346802844,666610.7761383036,0.7838916390560324
calendar_blend_valid_scaled,seasonal6_week25_trend0_scaled,Revenue,F2022,2012-07-04,2021-12-31,2022-01-01,2022-12-31,561646.0057517691,761760.0767986291,0.7928789944495409
calendar_blend_valid_scaled,seasonal6_week25_trend0_scaled,COGS,F2022,2012-07-04,2021-12-31,2022-01-01,2022-12-31,495949.86936614563,663948.0914407243,0.7927878302331282
calendar_blend_month_scaled,seasonal6_week25_trend0_month_alpha15,Revenue,F2020,2012-07-04,2019-12-31,2020-01-01,2020-12-31,543780.6818302351,746938.709412666,0.7913131766190377
calendar_blend_month_scaled,seasonal6_week25_trend0_month_alpha15,COGS,F2020,2012-07-04,2019-12-31,2020-01-01,2020-12-31,428633.4899461069,577572.261926878,0.8209993854825852
calendar_blend_month_scaled,seasonal6_week25_trend0_month_alpha15,Revenue,F2021,2012-07-04,2020-12-31,2021-01-01,2021-12-31,532604.6960309749,745351.3500147994,0.7939075549426284
calendar_blend_month_scaled,seasonal6_week25_trend0_month_alpha15,COGS,F2021,2012-07-04,2020-12-31,2021-01-01,2021-12-31,466021.7740339996,659032.3042742962,0.7887774331624693
calendar_blend_month_scaled,seasonal6_week25_trend0_month_alpha15,Revenue,F2022,2012-07-04,2021-12-31,2022-01-01,2022-12-31,551444.4950815325,745879.4394252625,0.8014248032338172
calendar_blend_month_scaled,seasonal6_week25_trend0_month_alpha15,COGS,F2022,2012-07-04,2021-12-31,2022-01-01,2022-12-31,486325.7471114909,651423.5207162353,0.8005317049648641
calendar_blend_month_scaled,seasonal6_week25_trend0_month_alpha25,Revenue,F2020,2012-07-04,2019-12-31,2020-01-01,2020-12-31,529724.2594585096,726248.7373770489,0.8027141782455561
calendar_blend_month_scaled,seasonal6_week25_trend0_month_alpha25,COGS,F2020,2012-07-04,2019-12-31,2020-01-01,2020-12-31,423397.2204678941,569102.2429233647,0.8262109294646683
calendar_blend_month_scaled,seasonal6_week25_trend0_month_alpha25,Revenue,F2021,2012-07-04,2020-12-31,2021-01-01,2021-12-31,526267.5292569759,735040.7005282573,0.7995699837446489
calendar_blend_month_scaled,seasonal6_week25_trend0_month_alpha25,COGS,F2021,2012-07-04,2020-12-31,2021-01-01,2021-12-31,462464.1958256275,654539.571470539,0.7916474955778936
calendar_blend_month_scaled,seasonal6_week25_trend0_month_alpha25,Revenue,F2022,2012-07-04,2021-12-31,2022-01-01,2022-12-31,544758.8659689983,736229.4664303556,0.8065297820582463
calendar_blend_month_scaled,seasonal6_week25_trend0_month_alpha25,COGS,F2022,2012-07-04,2021-12-31,2022-01-01,2022-12-31,480642.16966970067,643791.1638530353,0.8051784349031826
calendar_blend_month_scaled,seasonal6_week25_trend0_month_alpha35,Revenue,F2020,2012-07-04,2019-12-31,2020-01-01,2020-12-31,516933.3407204664,707475.917695064,0.8127816485379815
calendar_blend_month_scaled,seasonal6_week25_trend0_month_alpha35,COGS,F2020,2012-07-04,2019-12-31,2020-01-01,2020-12-31,418595.754506807,561547.0179522112,0.8307946398544346
calendar_blend_month_scaled,seasonal6_week25_trend0_month_alpha35,Revenue,F2021,2012-07-04,2020-12-31,2021-01-01,2021-12-31,520545.76186182216,725625.6457790408,0.8046716713294324
calendar_blend_month_scaled,seasonal6_week25_trend0_month_alpha35,COGS,F2021,2012-07-04,2020-12-31,2021-01-01,2021-12-31,459127.0042631636,650505.4603043565,0.7942078510688909
calendar_blend_month_scaled,seasonal6_week25_trend0_month_alpha35,Revenue,F2022,2012-07-04,2021-12-31,2022-01-01,2022-12-31,538620.1819780826,727364.3390314874,0.8111609792572715
calendar_blend_month_scaled,seasonal6_week25_trend0_month_alpha35,COGS,F2022,2012-07-04,2021-12-31,2022-01-01,2022-12-31,475589.51975257706,636756.9949654174,0.8094124822685633
calendar_blend_month_scaled,seasonal6_week25_trend0_month_alpha50,Revenue,F2020,2012-07-04,2019-12-31,2020-01-01,2020-12-31,501202.3384779073,683252.7012093164,0.8253824827251948
calendar_blend_month_scaled,seasonal6_week25_trend0_month_alpha50,COGS,F2020,2012-07-04,2019-12-31,2020-01-01,2020-12-31,412501.7177862345,552010.3477719757,0.8364930174534897
calendar_blend_month_scaled,seasonal6_week25_trend0_month_alpha50,Revenue,F2021,2012-07-04,2020-12-31,2021-01-01,2021-12-31,513633.8028758538,713258.9666254657,0.8112728129242881
calendar_blend_month_scaled,seasonal6_week25_trend0_month_alpha50,COGS,F2021,2012-07-04,2020-12-31,2021-01-01,2021-12-31,455231.9072463666,645332.7563245544,0.7974676838220867
calendar_blend_month_scaled,seasonal6_week25_trend0_month_alpha50,Revenue,F2022,2012-07-04,2021-12-31,2022-01-01,2022-12-31,530583.8784734055,715601.3369521289,0.8172194345081767
calendar_blend_month_scaled,seasonal6_week25_trend0_month_alpha50,COGS,F2022,2012-07-04,2021-12-31,2022-01-01,2022-12-31,468645.09180758963,627370.8921885154,0.8149897734923761
cogs_ratio,v3_revenue_ratio_profile,Revenue,F2020,2012-07-04,2019-12-31,2020-01-01,2020-12-31,565722.9070220584,781231.3405523952,0.771711302927835
cogs_ratio,v3_revenue_ratio_profile,COGS,F2020,2012-07-04,2019-12-31,2020-01-01,2020-12-31,439423.153687245,588354.2843635028,0.8142538988206424
cogs_ratio,v3_revenue_ratio_profile,Revenue,F2021,2012-07-04,2020-12-31,2021-01-01,2021-12-31,542860.6174738349,762416.2225210139,0.7843625219572781
cogs_ratio,v3_revenue_ratio_profile,COGS,F2021,2012-07-04,2020-12-31,2021-01-01,2021-12-31,496409.8260084338,719875.883161689,0.7479758502912867
cogs_ratio,v3_revenue_ratio_profile,Revenue,F2022,2012-07-04,2021-12-31,2022-01-01,2022-12-31,561646.0057517691,761760.0767986291,0.7928789944495409
cogs_ratio,v3_revenue_ratio_profile,COGS,F2022,2012-07-04,2021-12-31,2022-01-01,2022-12-31,508116.65084249206,684732.3303004716,0.7796116301040934
residual_meta,huber_base_forecasts_cal2022,Revenue,F2020,2012-07-04,2019-12-31,2020-01-01,2020-12-31,562293.3334227724,773625.503245118,0.7761347673172924
residual_meta,huber_base_forecasts_cal2022,COGS,F2020,2012-07-04,2019-12-31,2020-01-01,2020-12-31,430663.21026375773,583658.4081401064,0.8172070849641333
residual_meta,huber_base_forecasts_cal2022,Revenue,F2021,2012-07-04,2020-12-31,2021-01-01,2021-12-31,535085.6952957258,745889.6831599588,0.7936097451650279
residual_meta,huber_base_forecasts_cal2022,COGS,F2021,2012-07-04,2020-12-31,2021-01-01,2021-12-31,463789.98708655423,654103.043400448,0.79192531342629
residual_meta,huber_base_forecasts_cal2022,Revenue,F2022,2012-07-04,2021-12-31,2022-01-01,2022-12-31,561803.0953222034,758224.4628648221,0.7947971849568212
residual_meta,huber_base_forecasts_cal2022,COGS,F2022,2012-07-04,2021-12-31,2022-01-01,2022-12-31,493315.8031544328,661143.8724226678,0.7945344764806925
residual_meta_lgbm,lgbm_base_all_cal_sh015_cal2022,Revenue,F2020,2012-07-04,2019-12-31,2020-01-01,2020-12-31,562764.300896632,759061.7002891661,0.7844841318037314
residual_meta_lgbm,lgbm_base_all_cal_sh015_cal2022,COGS,F2020,2012-07-04,2019-12-31,2020-01-01,2020-12-31,472872.38215507683,629195.8393794195,0.7875711244142327
residual_meta_lgbm,lgbm_base_all_cal_sh015_cal2022,Revenue,F2021,2012-07-04,2020-12-31,2021-01-01,2021-12-31,521478.8170549914,724668.5786530102,0.805186589838838
residual_meta_lgbm,lgbm_base_all_cal_sh015_cal2022,COGS,F2021,2012-07-04,2020-12-31,2021-01-01,2021-12-31,457007.71284917643,663892.9143572162,0.7856502523814811
residual_meta_lgbm,lgbm_base_all_cal_sh015_cal2022,Revenue,F2022,2012-07-04,2021-12-31,2022-01-01,2022-12-31,579140.8587790491,790283.3436587238,0.777077765627667
residual_meta_lgbm,lgbm_base_all_cal_sh015_cal2022,COGS,F2022,2012-07-04,2021-12-31,2022-01-01,2022-12-31,493194.8665242191,665382.1264179817,0.7918917650025347
residual_meta_lgbm,lgbm_base_all_cal_sh025_cal2022,Revenue,F2020,2012-07-04,2019-12-31,2020-01-01,2020-12-31,535480.7369226798,727002.5246207356,0.8023044323736718
residual_meta_lgbm,lgbm_base_all_cal_sh025_cal2022,COGS,F2020,2012-07-04,2019-12-31,2020-01-01,2020-12-31,447275.16560527805,599918.8771406944,0.8068801472980269
residual_meta_lgbm,lgbm_base_all_cal_sh025_cal2022,Revenue,F2021,2012-07-04,2020-12-31,2021-01-01,2021-12-31,503855.1867172736,706578.1903429825,0.8147917009967056
residual_meta_lgbm,lgbm_base_all_cal_sh025_cal2022,COGS,F2021,2012-07-04,2020-12-31,2021-01-01,2021-12-31,442376.53886030946,647707.058296105,0.795974632417896
residual_meta_lgbm,lgbm_base_all_cal_sh025_cal2022,Revenue,F2022,2012-07-04,2021-12-31,2022-01-01,2022-12-31,553250.6474881023,761510.6975564006,0.7930145836627827
residual_meta_lgbm,lgbm_base_all_cal_sh025_cal2022,COGS,F2022,2012-07-04,2021-12-31,2022-01-01,2022-12-31,474837.0603126665,645628.8108734326,0.8040646444446489
residual_meta_lgbm,lgbm_base_all_cal_sh035_cal2022,Revenue,F2020,2012-07-04,2019-12-31,2020-01-01,2020-12-31,509349.6628555198,696406.8905698803,0.8185941811410262
residual_meta_lgbm,lgbm_base_all_cal_sh035_cal2022,COGS,F2020,2012-07-04,2019-12-31,2020-01-01,2020-12-31,423235.57605669857,572300.8201273186,0.8242519145724975
residual_meta_lgbm,lgbm_base_all_cal_sh035_cal2022,Revenue,F2021,2012-07-04,2020-12-31,2021-01-01,2021-12-31,486325.7905815455,689284.6193592893,0.8237467383994577
residual_meta_lgbm,lgbm_base_all_cal_sh035_cal2022,COGS,F2021,2012-07-04,2020-12-31,2021-01-01,2021-12-31,427946.59094846103,632084.491429832,0.8056980411014639
residual_meta_lgbm,lgbm_base_all_cal_sh035_cal2022,Revenue,F2022,2012-07-04,2021-12-31,2022-01-01,2022-12-31,528339.44812459,734127.3678162001,0.8076330057009812
residual_meta_lgbm,lgbm_base_all_cal_sh035_cal2022,COGS,F2022,2012-07-04,2021-12-31,2022-01-01,2022-12-31,456948.97515441955,626881.7920795741,0.8152781300307923
residual_meta_lgbm,lgbm_base_all_cal_sh050_cal2022,Revenue,F2020,2012-07-04,2019-12-31,2020-01-01,2020-12-31,471082.2445011416,653704.5684064536,0.8401590196622095
residual_meta_lgbm,lgbm_base_all_cal_sh050_cal2022,COGS,F2020,2012-07-04,2019-12-31,2020-01-01,2020-12-31,389929.2019597916,534542.7234141424,0.8466772112167218
residual_meta_lgbm,lgbm_base_all_cal_sh050_cal2022,Revenue,F2021,2012-07-04,2020-12-31,2021-01-01,2021-12-31,460638.2525220747,664973.5163352495,0.8359604062127441
residual_meta_lgbm,lgbm_base_all_cal_sh050_cal2022,COGS,F2021,2012-07-04,2020-12-31,2021-01-01,2021-12-31,406996.59397876926,609801.0920909622,0.8191563328402277
residual_meta_lgbm,lgbm_base_all_cal_sh050_cal2022,Revenue,F2022,2012-07-04,2021-12-31,2022-01-01,2022-12-31,492968.7161570147,696013.8639471437,0.8270886462640592
residual_meta_lgbm,lgbm_base_all_cal_sh050_cal2022,COGS,F2022,2012-07-04,2021-12-31,2022-01-01,2022-12-31,430774.0762346639,600852.766462569,0.8302994949300617
residual_meta_lgbm,lgbm_base_all_cal_sh075_cal2022,Revenue,F2020,2012-07-04,2019-12-31,2020-01-01,2020-12-31,413132.01315035764,593043.7653654045,0.8684476581845861
residual_meta_lgbm,lgbm_base_all_cal_sh075_cal2022,COGS,F2020,2012-07-04,2019-12-31,2020-01-01,2020-12-31,340094.8198244729,483873.5931064074,0.8743664275771448
residual_meta_lgbm,lgbm_base_all_cal_sh075_cal2022,Revenue,F2021,2012-07-04,2020-12-31,2021-01-01,2021-12-31,420846.6613432584,629348.1139307618,0.85306615045931
residual_meta_lgbm,lgbm_base_all_cal_sh075_cal2022,COGS,F2021,2012-07-04,2020-12-31,2021-01-01,2021-12-31,374597.44746573444,576119.5024737145,0.8385819623072658
residual_meta_lgbm,lgbm_base_all_cal_sh075_cal2022,Revenue,F2022,2012-07-04,2021-12-31,2022-01-01,2022-12-31,440955.69479038386,641917.0471853819,0.8529227338846035
residual_meta_lgbm,lgbm_base_all_cal_sh075_cal2022,COGS,F2022,2012-07-04,2021-12-31,2022-01-01,2022-12-31,390812.13281158725,563886.5008691063,0.8505381338156563
residual_meta_lgbm,lgbm_base_all_cal_sh100_cal2022,Revenue,F2020,2012-07-04,2019-12-31,2020-01-01,2020-12-31,367033.1471221149,549223.4567594974,0.8871703479408014
residual_meta_lgbm,lgbm_base_all_cal_sh100_cal2022,COGS,F2020,2012-07-04,2019-12-31,2020-01-01,2020-12-31,304472.5673408337,452875.0953649823,0.8899477963792958
residual_meta_lgbm,lgbm_base_all_cal_sh100_cal2022,Revenue,F2021,2012-07-04,2020-12-31,2021-01-01,2021-12-31,388048.4885481207,600766.6371488905,0.8661089337364035
residual_meta_lgbm,lgbm_base_all_cal_sh100_cal2022,COGS,F2021,2012-07-04,2020-12-31,2021-01-01,2021-12-31,348555.27705197514,547442.5641218305,0.8542515208190102
residual_meta_lgbm,lgbm_base_all_cal_sh100_cal2022,Revenue,F2022,2012-07-04,2021-12-31,2022-01-01,2022-12-31,399217.2267353675,602299.869230051,0.8705168465244153
residual_meta_lgbm,lgbm_base_all_cal_sh100_cal2022,COGS,F2022,2012-07-04,2021-12-31,2022-01-01,2022-12-31,359644.61945463,536347.2551620716,0.8647805611014326
residual_meta_lgbm,lgbm_base5_cal_sh015_cal2022,Revenue,F2020,2012-07-04,2019-12-31,2020-01-01,2020-12-31,562699.5908500896,758415.6360095016,0.7848508420442183
residual_meta_lgbm,lgbm_base5_cal_sh015_cal2022,COGS,F2020,2012-07-04,2019-12-31,2020-01-01,2020-12-31,473250.2154200495,629286.8656152172,0.7875096554774428
residual_meta_lgbm,lgbm_base5_cal_sh015_cal2022,Revenue,F2021,2012-07-04,2020-12-31,2021-01-01,2021-12-31,522425.244965372,725453.8004806662,0.8047641771014526
residual_meta_lgbm,lgbm_base5_cal_sh015_cal2022,COGS,F2021,2012-07-04,2020-12-31,2021-01-01,2021-12-31,457805.0605724286,664406.9527329013,0.7853181908387517
residual_meta_lgbm,lgbm_base5_cal_sh015_cal2022,Revenue,F2022,2012-07-04,2021-12-31,2022-01-01,2022-12-31,580414.0251098681,791600.58037518,0.7763340170122216
residual_meta_lgbm,lgbm_base5_cal_sh015_cal2022,COGS,F2022,2012-07-04,2021-12-31,2022-01-01,2022-12-31,492493.8607729603,663723.0046567528,0.7929283015006781
residual_meta_lgbm,lgbm_base5_cal_sh025_cal2022,Revenue,F2020,2012-07-04,2019-12-31,2020-01-01,2020-12-31,535748.7082012513,726023.0173825853,0.8028367930800401
residual_meta_lgbm,lgbm_base5_cal_sh025_cal2022,COGS,F2020,2012-07-04,2019-12-31,2020-01-01,2020-12-31,447857.75207357924,600037.5382574344,0.806803743355495
residual_meta_lgbm,lgbm_base5_cal_sh025_cal2022,Revenue,F2021,2012-07-04,2020-12-31,2021-01-01,2021-12-31,505423.20266469766,707897.3530508413,0.8140994974898983
residual_meta_lgbm,lgbm_base5_cal_sh025_cal2022,COGS,F2021,2012-07-04,2020-12-31,2021-01-01,2021-12-31,443765.81185367925,648632.1104137994,0.7953914401537587
residual_meta_lgbm,lgbm_base5_cal_sh025_cal2022,Revenue,F2022,2012-07-04,2021-12-31,2022-01-01,2022-12-31,555494.4698009422,763815.8647280118,0.7917595568933204
residual_meta_lgbm,lgbm_base5_cal_sh025_cal2022,COGS,F2022,2012-07-04,2021-12-31,2022-01-01,2022-12-31,473776.74768819235,642887.0481778559,0.8057252505718271
residual_meta_lgbm,lgbm_base5_cal_sh035_cal2022,Revenue,F2020,2012-07-04,2019-12-31,2020-01-01,2020-12-31,509699.67714143003,695187.0479987831,0.819229133891055
residual_meta_lgbm,lgbm_base5_cal_sh035_cal2022,COGS,F2020,2012-07-04,2019-12-31,2020-01-01,2020-12-31,424135.0606556874,572415.6013960129,0.8241814110525847
residual_meta_lgbm,lgbm_base5_cal_sh035_cal2022,Revenue,F2021,2012-07-04,2020-12-31,2021-01-01,2021-12-31,488719.56958712015,691144.6885906402,0.822794198300963
residual_meta_lgbm,lgbm_base5_cal_sh035_cal2022,COGS,F2021,2012-07-04,2020-12-31,2021-01-01,2021-12-31,430093.81061198196,633478.7436683895,0.804839913028248
residual_meta_lgbm,lgbm_base5_cal_sh035_cal2022,Revenue,F2022,2012-07-04,2021-12-31,2022-01-01,2022-12-31,531562.8765730356,737513.4986910915,0.8058543441825261
residual_meta_lgbm,lgbm_base5_cal_sh035_cal2022,COGS,F2022,2012-07-04,2021-12-31,2022-01-01,2022-12-31,455235.1549123039,623084.4819225658,0.8175092420245564
residual_meta_lgbm,lgbm_base5_cal_sh050_cal2022,Revenue,F2020,2012-07-04,2019-12-31,2020-01-01,2020-12-31,473030.4374082036,652331.8317321771,0.8408296259360645
residual_meta_lgbm,lgbm_base5_cal_sh050_cal2022,COGS,F2020,2012-07-04,2019-12-31,2020-01-01,2020-12-31,391713.48574936006,534582.0945414013,0.8466546247589146
residual_meta_lgbm,lgbm_base5_cal_sh050_cal2022,Revenue,F2021,2012-07-04,2020-12-31,2021-01-01,2021-12-31,464303.6783542917,667654.3591331724,0.8346350878099705
residual_meta_lgbm,lgbm_base5_cal_sh050_cal2022,COGS,F2021,2012-07-04,2020-12-31,2021-01-01,2021-12-31,410370.6330485669,612014.4320880068,0.8178411665140114
residual_meta_lgbm,lgbm_base5_cal_sh050_cal2022,Revenue,F2022,2012-07-04,2021-12-31,2022-01-01,2022-12-31,497850.9818266821,701201.7764373819,0.8245013640065348
residual_meta_lgbm,lgbm_base5_cal_sh050_cal2022,COGS,F2022,2012-07-04,2021-12-31,2022-01-01,2022-12-31,428238.5498597993,595542.3083292027,0.8332859336691136
residual_meta_lgbm,lgbm_base5_cal_sh075_cal2022,Revenue,F2020,2012-07-04,2019-12-31,2020-01-01,2020-12-31,416757.65584734915,592108.2017269941,0.868862394887046
residual_meta_lgbm,lgbm_base5_cal_sh075_cal2022,COGS,F2020,2012-07-04,2019-12-31,2020-01-01,2020-12-31,344803.1857695912,483562.5787306373,0.874527880031319
residual_meta_lgbm,lgbm_base5_cal_sh075_cal2022,Revenue,F2021,2012-07-04,2020-12-31,2021-01-01,2021-12-31,427691.3627945827,633402.6964506224,0.8511668057714114
residual_meta_lgbm,lgbm_base5_cal_sh075_cal2022,COGS,F2021,2012-07-04,2020-12-31,2021-01-01,2021-12-31,379475.2593725089,580025.0139061161,0.836386040121029
residual_meta_lgbm,lgbm_base5_cal_sh075_cal2022,Revenue,F2022,2012-07-04,2021-12-31,2022-01-01,2022-12-31,449510.37831152364,650580.5059575852,0.8489259674204168
residual_meta_lgbm,lgbm_base5_cal_sh075_cal2022,COGS,F2022,2012-07-04,2021-12-31,2022-01-01,2022-12-31,388765.9872746021,556332.7980089609,0.8545156316512776
residual_meta_lgbm,lgbm_base5_cal_sh100_cal2022,Revenue,F2020,2012-07-04,2019-12-31,2020-01-01,2020-12-31,373473.61067125644,549795.7196570981,0.8869350999329842
residual_meta_lgbm,lgbm_base5_cal_sh100_cal2022,COGS,F2020,2012-07-04,2019-12-31,2020-01-01,2020-12-31,312117.9221296907,451895.23404335487,0.8904235091727078
residual_meta_lgbm,lgbm_base5_cal_sh100_cal2022,Revenue,F2021,2012-07-04,2020-12-31,2021-01-01,2021-12-31,397543.9513234851,606158.8572812938,0.863694651374221
residual_meta_lgbm,lgbm_base5_cal_sh100_cal2022,COGS,F2021,2012-07-04,2020-12-31,2021-01-01,2021-12-31,357179.11129104026,553466.954459084,0.8510260609748116
residual_meta_lgbm,lgbm_base5_cal_sh100_cal2022,Revenue,F2022,2012-07-04,2021-12-31,2022-01-01,2022-12-31,413883.4588160706,614921.0238473415,0.8650333671349665
residual_meta_lgbm,lgbm_base5_cal_sh100_cal2022,COGS,F2022,2012-07-04,2021-12-31,2022-01-01,2022-12-31,359459.00141591125,527077.2050715616,0.869414344518319
residual_meta_catboost,catboost_base_all_cal_sh015_cal2022,Revenue,F2020,2012-07-04,2019-12-31,2020-01-01,2020-12-31,566925.2277236924,762298.9917795637,0.7826419219916352
residual_meta_catboost,catboost_base_all_cal_sh015_cal2022,COGS,F2020,2012-07-04,2019-12-31,2020-01-01,2020-12-31,474389.2542856033,629609.2801795546,0.7872918612213933
residual_meta_catboost,catboost_base_all_cal_sh015_cal2022,Revenue,F2021,2012-07-04,2020-12-31,2021-01-01,2021-12-31,522353.51928757085,721044.3248498703,0.8071303409177836
residual_meta_catboost,catboost_base_all_cal_sh015_cal2022,COGS,F2021,2012-07-04,2020-12-31,2021-01-01,2021-12-31,457596.6665370938,660119.8864868368,0.7880797087661285
residual_meta_catboost,catboost_base_all_cal_sh015_cal2022,Revenue,F2022,2012-07-04,2021-12-31,2022-01-01,2022-12-31,582805.4334871536,792819.4469246721,0.7756447075949437
residual_meta_catboost,catboost_base_all_cal_sh015_cal2022,COGS,F2022,2012-07-04,2021-12-31,2022-01-01,2022-12-31,494639.74959581497,663809.781140137,0.7928741520186602
residual_meta_catboost,catboost_base_all_cal_sh025_cal2022,Revenue,F2020,2012-07-04,2019-12-31,2020-01-01,2020-12-31,542275.4865894852,732342.9955680064,0.7993892697941314
residual_meta_catboost,catboost_base_all_cal_sh025_cal2022,COGS,F2020,2012-07-04,2019-12-31,2020-01-01,2020-12-31,449774.3714663729,600514.3208072959,0.8064965985728096
residual_meta_catboost,catboost_base_all_cal_sh025_cal2022,Revenue,F2021,2012-07-04,2020-12-31,2021-01-01,2021-12-31,505406.29996395926,700591.2624896294,0.8179169916294873
residual_meta_catboost,catboost_base_all_cal_sh025_cal2022,COGS,F2021,2012-07-04,2020-12-31,2021-01-01,2021-12-31,443313.21467896865,641568.374323565,0.7998236322538167
residual_meta_catboost,catboost_base_all_cal_sh025_cal2022,Revenue,F2022,2012-07-04,2021-12-31,2022-01-01,2022-12-31,559665.3439044161,765624.3156377209,0.7907723073309482
residual_meta_catboost,catboost_base_all_cal_sh025_cal2022,COGS,F2022,2012-07-04,2021-12-31,2022-01-01,2022-12-31,477411.54653116275,643064.965868742,0.8056177054041375
residual_meta_catboost,catboost_base_all_cal_sh035_cal2022,Revenue,F2020,2012-07-04,2019-12-31,2020-01-01,2020-12-31,518224.20390513196,703784.5861970439,0.8147302154798709
residual_meta_catboost,catboost_base_all_cal_sh035_cal2022,COGS,F2020,2012-07-04,2019-12-31,2020-01-01,2020-12-31,426618.1072976656,572988.0264256313,0.8238295922585147
residual_meta_catboost,catboost_base_all_cal_sh035_cal2022,Revenue,F2021,2012-07-04,2020-12-31,2021-01-01,2021-12-31,488466.1866689634,680992.0332740543,0.8279621329870401
residual_meta_catboost,catboost_base_all_cal_sh035_cal2022,COGS,F2021,2012-07-04,2020-12-31,2021-01-01,2021-12-31,429371.21435519884,623719.9574749157,0.8108065090778646
residual_meta_catboost,catboost_base_all_cal_sh035_cal2022,Revenue,F2022,2012-07-04,2021-12-31,2022-01-01,2022-12-31,537355.3690084973,739705.7552684514,0.8046984340481986
residual_meta_catboost,catboost_base_all_cal_sh035_cal2022,COGS,F2022,2012-07-04,2021-12-31,2022-01-01,2022-12-31,460499.048563704,623382.7852397066,0.8173344643464009
residual_meta_catboost,catboost_base_all_cal_sh050_cal2022,Revenue,F2020,2012-07-04,2019-12-31,2020-01-01,2020-12-31,483819.6897564163,663959.644133705,0.8351046300395619
residual_meta_catboost,catboost_base_all_cal_sh050_cal2022,COGS,F2020,2012-07-04,2019-12-31,2020-01-01,2020-12-31,394304.999096534,535165.8097610894,0.8463195634138632
residual_meta_catboost,catboost_base_all_cal_sh050_cal2022,Revenue,F2021,2012-07-04,2020-12-31,2021-01-01,2021-12-31,463510.0770620979,653361.3172608354,0.8416395149843361
residual_meta_catboost,catboost_base_all_cal_sh050_cal2022,COGS,F2021,2012-07-04,2020-12-31,2021-01-01,2021-12-31,409161.75077760644,598402.5965243988,0.825853861819611
residual_meta_catboost,catboost_base_all_cal_sh050_cal2022,Revenue,F2022,2012-07-04,2021-12-31,2022-01-01,2022-12-31,506391.6963999955,703528.2857953376,0.8233348622139107
residual_meta_catboost,catboost_base_all_cal_sh050_cal2022,COGS,F2022,2012-07-04,2021-12-31,2022-01-01,2022-12-31,435946.0152876602,596080.7057307829,0.8329843631787698
residual_meta_catboost,catboost_base_all_cal_sh075_cal2022,Revenue,F2020,2012-07-04,2019-12-31,2020-01-01,2020-12-31,431313.6736385912,607337.1134955026,0.8620299770552642
residual_meta_catboost,catboost_base_all_cal_sh075_cal2022,COGS,F2020,2012-07-04,2019-12-31,2020-01-01,2020-12-31,348704.2743852054,483723.93513006886,0.8744441303442204
residual_meta_catboost,catboost_base_all_cal_sh075_cal2022,Revenue,F2021,2012-07-04,2020-12-31,2021-01-01,2021-12-31,426754.78022349323,612720.6662742037,0.8607276048757408
residual_meta_catboost,catboost_base_all_cal_sh075_cal2022,COGS,F2021,2012-07-04,2020-12-31,2021-01-01,2021-12-31,377854.04650329443,560662.0472880546,0.8471275497376537
residual_meta_catboost,catboost_base_all_cal_sh075_cal2022,Revenue,F2022,2012-07-04,2021-12-31,2022-01-01,2022-12-31,461409.3348598531,651737.366721444,0.8483882107296615
residual_meta_catboost,catboost_base_all_cal_sh075_cal2022,COGS,F2022,2012-07-04,2021-12-31,2022-01-01,2022-12-31,400244.78102833027,557444.6174329697,0.853933555683315
residual_meta_catboost,catboost_base_all_cal_sh100_cal2022,Revenue,F2020,2012-07-04,2019-12-31,2020-01-01,2020-12-31,393341.0424068515,566016.0283332971,0.8801653108412384
residual_meta_catboost,catboost_base_all_cal_sh100_cal2022,COGS,F2020,2012-07-04,2019-12-31,2020-01-01,2020-12-31,320469.1960998246,450973.00799058634,0.8908702993638814
residual_meta_catboost,catboost_base_all_cal_sh100_cal2022,Revenue,F2021,2012-07-04,2020-12-31,2021-01-01,2021-12-31,396280.8205389098,580055.9706070465,0.875181261303702
residual_meta_catboost,catboost_base_all_cal_sh100_cal2022,COGS,F2021,2012-07-04,2020-12-31,2021-01-01,2021-12-31,352171.1650827455,529508.0454142818,0.8636446960079448
residual_meta_catboost,catboost_base_all_cal_sh100_cal2022,Revenue,F2022,2012-07-04,2021-12-31,2022-01-01,2022-12-31,428440.1973564426,612869.6692579553,0.8659323528782005
residual_meta_catboost,catboost_base_all_cal_sh100_cal2022,COGS,F2022,2012-07-04,2021-12-31,2022-01-01,2022-12-31,373373.46997931483,528989.0656802009,0.8684652829177728
residual_meta_catboost,catboost_base5_cal_sh015_cal2022,Revenue,F2020,2012-07-04,2019-12-31,2020-01-01,2020-12-31,566365.2956845455,762298.6562066489,0.7826421133587196
residual_meta_catboost,catboost_base5_cal_sh015_cal2022,COGS,F2020,2012-07-04,2019-12-31,2020-01-01,2020-12-31,474450.7653993952,629794.0562006349,0.7871669928876677
residual_meta_catboost,catboost_base5_cal_sh015_cal2022,Revenue,F2021,2012-07-04,2020-12-31,2021-01-01,2021-12-31,523421.89192104747,722264.8280125115,0.8064768519477126
residual_meta_catboost,catboost_base5_cal_sh015_cal2022,COGS,F2021,2012-07-04,2020-12-31,2021-01-01,2021-12-31,457610.7348427304,659922.9379233334,0.7882061438927079
residual_meta_catboost,catboost_base5_cal_sh015_cal2022,Revenue,F2022,2012-07-04,2021-12-31,2022-01-01,2022-12-31,583769.9122824386,793407.5206225092,0.775311753151821
residual_meta_catboost,catboost_base5_cal_sh015_cal2022,COGS,F2022,2012-07-04,2021-12-31,2022-01-01,2022-12-31,495006.4149745121,663630.5094032575,0.7929860117639526
residual_meta_catboost,catboost_base5_cal_sh025_cal2022,Revenue,F2020,2012-07-04,2019-12-31,2020-01-01,2020-12-31,541605.8272875004,732226.5723933656,0.7994530483289066
residual_meta_catboost,catboost_base5_cal_sh025_cal2022,COGS,F2020,2012-07-04,2019-12-31,2020-01-01,2020-12-31,449884.1162203705,600805.6926085209,0.8063087758651581
residual_meta_catboost,catboost_base5_cal_sh025_cal2022,Revenue,F2021,2012-07-04,2020-12-31,2021-01-01,2021-12-31,507180.09554120386,702543.0730835205,0.8169010309263434
residual_meta_catboost,catboost_base5_cal_sh025_cal2022,COGS,F2021,2012-07-04,2020-12-31,2021-01-01,2021-12-31,443443.39279893524,641274.4977367064,0.8000069756881423
residual_meta_catboost,catboost_base5_cal_sh025_cal2022,Revenue,F2022,2012-07-04,2021-12-31,2022-01-01,2022-12-31,561329.1086742922,766671.9281402348,0.7901993383120354
residual_meta_catboost,catboost_base5_cal_sh025_cal2022,COGS,F2022,2012-07-04,2021-12-31,2022-01-01,2022-12-31,478035.89335549076,642636.831254802,0.8058764478009498
residual_meta_catboost,catboost_base5_cal_sh035_cal2022,Revenue,F2020,2012-07-04,2019-12-31,2020-01-01,2020-12-31,517380.92616240005,703446.1670844138,0.8149083488540451
residual_meta_catboost,catboost_base5_cal_sh035_cal2022,COGS,F2020,2012-07-04,2019-12-31,2020-01-01,2020-12-31,426482.18790522753,573369.3228159061,0.8235950481224501
residual_meta_catboost,catboost_base5_cal_sh035_cal2022,Revenue,F2021,2012-07-04,2020-12-31,2021-01-01,2021-12-31,491008.1263619365,683599.3429680264,0.8266422506150696
residual_meta_catboost,catboost_base5_cal_sh035_cal2022,COGS,F2021,2012-07-04,2020-12-31,2021-01-01,2021-12-31,429720.40533787134,623359.9390807109,0.8110248553986241
residual_meta_catboost,catboost_base5_cal_sh035_cal2022,Revenue,F2022,2012-07-04,2021-12-31,2022-01-01,2022-12-31,539488.8827640187,741271.0272057988,0.8038710144958627
residual_meta_catboost,catboost_base5_cal_sh035_cal2022,COGS,F2022,2012-07-04,2021-12-31,2022-01-01,2022-12-31,461237.3219028809,622591.4362746569,0.8177979369851263
residual_meta_catboost,catboost_base5_cal_sh050_cal2022,Revenue,F2020,2012-07-04,2019-12-31,2020-01-01,2020-12-31,482416.5057890488,663063.4235240015,0.8355494850572863
residual_meta_catboost,catboost_base5_cal_sh050_cal2022,COGS,F2020,2012-07-04,2019-12-31,2020-01-01,2020-12-31,393985.2579132677,535643.0060140246,0.8460453739080159
residual_meta_catboost,catboost_base5_cal_sh050_cal2022,Revenue,F2021,2012-07-04,2020-12-31,2021-01-01,2021-12-31,467698.065951925,656789.0705831185,0.8399735314795873
residual_meta_catboost,catboost_base5_cal_sh050_cal2022,COGS,F2021,2012-07-04,2020-12-31,2021-01-01,2021-12-31,409780.1888277089,598007.6835774867,0.826083639805061
residual_meta_catboost,catboost_base5_cal_sh050_cal2022,Revenue,F2022,2012-07-04,2021-12-31,2022-01-01,2022-12-31,509334.1701211487,705985.3621087089,0.8220986994408778
residual_meta_catboost,catboost_base5_cal_sh050_cal2022,COGS,F2022,2012-07-04,2021-12-31,2022-01-01,2022-12-31,436870.88811637985,594509.9982624742,0.8338633954123522
residual_meta_catboost,catboost_base5_cal_sh075_cal2022,Revenue,F2020,2012-07-04,2019-12-31,2020-01-01,2020-12-31,429462.2002924427,604815.6600787074,0.8631732065041116
residual_meta_catboost,catboost_base5_cal_sh075_cal2022,COGS,F2020,2012-07-04,2019-12-31,2020-01-01,2020-12-31,347592.89760480233,484222.79061682266,0.8741850299496331
residual_meta_catboost,catboost_base5_cal_sh075_cal2022,Revenue,F2021,2012-07-04,2020-12-31,2021-01-01,2021-12-31,432671.49211282894,616995.3602182915,0.8587775364709267
residual_meta_catboost,catboost_base5_cal_sh075_cal2022,COGS,F2021,2012-07-04,2020-12-31,2021-01-01,2021-12-31,378722.50273653667,560406.5399289081,0.8472668533910274
residual_meta_catboost,catboost_base5_cal_sh075_cal2022,Revenue,F2022,2012-07-04,2021-12-31,2022-01-01,2022-12-31,466113.74806401436,655999.7598065928,0.8463986294673009
residual_meta_catboost,catboost_base5_cal_sh075_cal2022,COGS,F2022,2012-07-04,2021-12-31,2022-01-01,2022-12-31,399931.91914016876,553882.3455403385,0.8557944251936251
residual_meta_catboost,catboost_base5_cal_sh100_cal2022,Revenue,F2020,2012-07-04,2019-12-31,2020-01-01,2020-12-31,389849.56763426313,560894.2774731757,0.8823242126693824
residual_meta_catboost,catboost_base5_cal_sh100_cal2022,COGS,F2020,2012-07-04,2019-12-31,2020-01-01,2020-12-31,319580.8396371001,451267.4633228202,0.8907277439900098
residual_meta_catboost,catboost_base5_cal_sh100_cal2022,Revenue,F2021,2012-07-04,2020-12-31,2021-01-01,2021-12-31,404011.1137724095,584380.8205425852,0.8733130459003613
residual_meta_catboost,catboost_base5_cal_sh100_cal2022,COGS,F2021,2012-07-04,2020-12-31,2021-01-01,2021-12-31,354366.2254416231,529679.0373231734,0.8635566164460409
residual_meta_catboost,catboost_base5_cal_sh100_cal2022,Revenue,F2022,2012-07-04,2021-12-31,2022-01-01,2022-12-31,434467.7959672051,619311.6384033912,0.8630991283913048
residual_meta_catboost,catboost_base5_cal_sh100_cal2022,COGS,F2022,2012-07-04,2021-12-31,2022-01-01,2022-12-31,372778.0195949468,522506.11564542743,0.8716695371447686
residual_meta_catboost,catboost_base5_sh015_cal2022,Revenue,F2020,2012-07-04,2019-12-31,2020-01-01,2020-12-31,583879.2587334374,783709.6521405643,0.7702605983924862
residual_meta_catboost,catboost_base5_sh015_cal2022,COGS,F2020,2012-07-04,2019-12-31,2020-01-01,2020-12-31,484111.80673801,643485.6118642527,0.7778125383926864
residual_meta_catboost,catboost_base5_sh015_cal2022,Revenue,F2021,2012-07-04,2020-12-31,2021-01-01,2021-12-31,534099.6122230311,737456.2698702567,0.7982504700383773
residual_meta_catboost,catboost_base5_sh015_cal2022,COGS,F2021,2012-07-04,2020-12-31,2021-01-01,2021-12-31,465213.22805965965,668265.4207251276,0.7828174700398017
residual_meta_catboost,catboost_base5_sh015_cal2022,Revenue,F2022,2012-07-04,2021-12-31,2022-01-01,2022-12-31,593716.310027183,807261.3399664988,0.7673966105004112
residual_meta_catboost,catboost_base5_sh015_cal2022,COGS,F2022,2012-07-04,2021-12-31,2022-01-01,2022-12-31,504235.32373957575,677241.8542332529,0.7844070352089945
residual_meta_catboost,catboost_base5_sh025_cal2022,Revenue,F2020,2012-07-04,2019-12-31,2020-01-01,2020-12-31,570143.5783332465,767919.7506786842,0.7794247552665434
residual_meta_catboost,catboost_base5_sh025_cal2022,COGS,F2020,2012-07-04,2019-12-31,2020-01-01,2020-12-31,466434.8923322587,623817.3798222527,0.7911873492636089
residual_meta_catboost,catboost_base5_sh025_cal2022,Revenue,F2021,2012-07-04,2020-12-31,2021-01-01,2021-12-31,524907.8232418232,727854.7899499801,0.8034697187470868
residual_meta_catboost,catboost_base5_sh025_cal2022,COGS,F2021,2012-07-04,2020-12-31,2021-01-01,2021-12-31,456243.3082427632,655285.5796633728,0.7911722874808403
residual_meta_catboost,catboost_base5_sh025_cal2022,Revenue,F2022,2012-07-04,2021-12-31,2022-01-01,2022-12-31,578029.2669959461,789868.0221385336,0.7773120109115563
residual_meta_catboost,catboost_base5_sh025_cal2022,COGS,F2022,2012-07-04,2021-12-31,2022-01-01,2022-12-31,493707.4070428379,665197.5271181718,0.792007221381386
residual_meta_catboost,catboost_base5_sh035_cal2022,Revenue,F2020,2012-07-04,2019-12-31,2020-01-01,2020-12-31,556939.99681689,753342.8622045666,0.787719329867306
residual_meta_catboost,catboost_base5_sh035_cal2022,COGS,F2020,2012-07-04,2019-12-31,2020-01-01,2020-12-31,450515.98561590374,605789.3712348762,0.803082114126402
residual_meta_catboost,catboost_base5_sh035_cal2022,Revenue,F2021,2012-07-04,2020-12-31,2021-01-01,2021-12-31,515820.89567256137,718986.8436023985,0.8082294676349331
residual_meta_catboost,catboost_base5_sh035_cal2022,COGS,F2021,2012-07-04,2020-12-31,2021-01-01,2021-12-31,447771.36304942175,643108.6690703853,0.7988613007416265
residual_meta_catboost,catboost_base5_sh035_cal2022,Revenue,F2022,2012-07-04,2021-12-31,2022-01-01,2022-12-31,563544.7238756856,773844.9460421368,0.7862551639611444
residual_meta_catboost,catboost_base5_sh035_cal2022,COGS,F2022,2012-07-04,2021-12-31,2022-01-01,2022-12-31,483880.1920440967,653949.6014315017,0.7989817149719166
residual_meta_catboost,catboost_base5_sh050_cal2022,Revenue,F2020,2012-07-04,2019-12-31,2020-01-01,2020-12-31,538348.4823770359,733908.4103127955,0.7985307250060221
residual_meta_catboost,catboost_base5_sh050_cal2022,COGS,F2020,2012-07-04,2019-12-31,2020-01-01,2020-12-31,429701.1323643037,582152.4165989716,0.8181491751553487
residual_meta_catboost,catboost_base5_sh050_cal2022,Revenue,F2021,2012-07-04,2020-12-31,2021-01-01,2021-12-31,502311.50846378837,707120.0475785338,0.814507528802584
residual_meta_catboost,catboost_base5_sh050_cal2022,COGS,F2021,2012-07-04,2020-12-31,2021-01-01,2021-12-31,435378.4424138203,626450.3848875253,0.8091464377948328
residual_meta_catboost,catboost_base5_sh050_cal2022,Revenue,F2022,2012-07-04,2021-12-31,2022-01-01,2022-12-31,544093.3729518489,752568.967139846,0.7978469297326065
residual_meta_catboost,catboost_base5_sh050_cal2022,COGS,F2022,2012-07-04,2021-12-31,2022-01-01,2022-12-31,469942.68255511235,638662.2029465789,0.8082702817667234
residual_meta_catboost,catboost_base5_sh075_cal2022,Revenue,F2020,2012-07-04,2019-12-31,2020-01-01,2020-12-31,512160.3531688323,708570.649634509,0.8122018055374086
residual_meta_catboost,catboost_base5_sh075_cal2022,COGS,F2020,2012-07-04,2019-12-31,2020-01-01,2020-12-31,402592.70266723406,553076.6677786184,0.8358607134962792
residual_meta_catboost,catboost_base5_sh075_cal2022,Revenue,F2021,2012-07-04,2020-12-31,2021-01-01,2021-12-31,483380.55500844016,691380.0928103982,0.8226734649776867
residual_meta_catboost,catboost_base5_sh075_cal2022,COGS,F2021,2012-07-04,2020-12-31,2021-01-01,2021-12-31,417798.0466418223,603355.2410622202,0.8229593119822481
residual_meta_catboost,catboost_base5_sh075_cal2022,Revenue,F2022,2012-07-04,2021-12-31,2022-01-01,2022-12-31,516702.2965437679,725157.1555466406,0.8123053025439244
residual_meta_catboost,catboost_base5_sh075_cal2022,COGS,F2022,2012-07-04,2021-12-31,2022-01-01,2022-12-31,449502.7058407545,617746.3131578387,0.8206227635154303
residual_meta_catboost,catboost_base5_sh100_cal2022,Revenue,F2020,2012-07-04,2019-12-31,2020-01-01,2020-12-31,493964.74004178296,692858.6983427855,0.8204379968607028
residual_meta_catboost,catboost_base5_sh100_cal2022,COGS,F2020,2012-07-04,2019-12-31,2020-01-01,2020-12-31,385800.80688816454,538632.7285224451,0.8443219642864006
residual_meta_catboost,catboost_base5_sh100_cal2022,Revenue,F2021,2012-07-04,2020-12-31,2021-01-01,2021-12-31,469235.5402383917,680981.3568624846,0.8279675272723945
residual_meta_catboost,catboost_base5_sh100_cal2022,COGS,F2021,2012-07-04,2020-12-31,2021-01-01,2021-12-31,403454.98966340284,586678.4276665766,0.8326109100430863
residual_meta_catboost,catboost_base5_sh100_cal2022,Revenue,F2022,2012-07-04,2021-12-31,2022-01-01,2022-12-31,497872.2966144358,708780.6728549527,0.8206871293455099
residual_meta_catboost,catboost_base5_sh100_cal2022,COGS,F2022,2012-07-04,2021-12-31,2022-01-01,2022-12-31,433196.32598591375,603034.8612863997,0.8290646666275066
ensemble_v3_catboost,v3w70_catboost_base_all_cal_sh025,Revenue,F2020,2012-07-04,2019-12-31,2020-01-01,2020-12-31,552627.191129714,756352.6375335805,0.7860197227821213
ensemble_v3_catboost,v3w70_catboost_base_all_cal_sh025,COGS,F2020,2012-07-04,2019-12-31,2020-01-01,2020-12-31,432089.47850219376,579528.8431333533,0.8197845679474042
ensemble_v3_catboost,v3w70_catboost_base_all_cal_sh025,Revenue,F2021,2012-07-04,2020-12-31,2021-01-01,2021-12-31,530539.0096459193,742611.41879177,0.7954199725087945
ensemble_v3_catboost,v3w70_catboost_base_all_cal_sh025,COGS,F2021,2012-07-04,2020-12-31,2021-01-01,2021-12-31,462443.2562016483,657919.869977919,0.7894899108739897
ensemble_v3_catboost,v3w70_catboost_base_all_cal_sh025,Revenue,F2022,2012-07-04,2021-12-31,2022-01-01,2022-12-31,552639.9525784622,752325.6246897745,0.7979776405973766
ensemble_v3_catboost,v3w70_catboost_base_all_cal_sh025,COGS,F2022,2012-07-04,2021-12-31,2022-01-01,2022-12-31,485704.865081445,652634.185893455,0.7997895956795422
ensemble_v3_catboost,v3w80_catboost_base_all_cal_sh025,Revenue,F2020,2012-07-04,2019-12-31,2020-01-01,2020-12-31,556677.4295467085,763735.1423464123,0.7818221570968256
ensemble_v3_catboost,v3w80_catboost_base_all_cal_sh025,COGS,F2020,2012-07-04,2019-12-31,2020-01-01,2020-12-31,433089.5655599106,582247.7007913202,0.818089641168973
ensemble_v3_catboost,v3w80_catboost_base_all_cal_sh025,Revenue,F2021,2012-07-04,2020-12-31,2021-01-01,2021-12-31,534577.4319107414,749101.3733453827,0.7918285470535131
ensemble_v3_catboost,v3w80_catboost_base_all_cal_sh025,COGS,F2021,2012-07-04,2020-12-31,2021-01-01,2021-12-31,465644.4120701043,660708.2234803465,0.7877017892069204
ensemble_v3_catboost,v3w80_catboost_base_all_cal_sh025,Revenue,F2022,2012-07-04,2021-12-31,2022-01-01,2022-12-31,554861.5004787096,754470.8740379746,0.7968238682893756
ensemble_v3_catboost,v3w80_catboost_base_all_cal_sh025,COGS,F2022,2012-07-04,2021-12-31,2022-01-01,2022-12-31,488785.7191813702,655940.4060063731,0.7977559408064624
ensemble_v3_catboost,v3w90_catboost_base_all_cal_sh025,Revenue,F2020,2012-07-04,2019-12-31,2020-01-01,2020-12-31,560938.616992487,772037.8225022338,0.7770526838120635
ensemble_v3_catboost,v3w90_catboost_base_all_cal_sh025,COGS,F2020,2012-07-04,2019-12-31,2020-01-01,2020-12-31,434694.63715145644,586383.1398766976,0.8154964123611271
ensemble_v3_catboost,v3w90_catboost_base_all_cal_sh025,Revenue,F2021,2012-07-04,2020-12-31,2021-01-01,2021-12-31,538702.5925817563,755703.9499008198,0.7881427302030077
ensemble_v3_catboost,v3w90_catboost_base_all_cal_sh025,COGS,F2021,2012-07-04,2020-12-31,2021-01-01,2021-12-31,468851.2998722212,663605.6663600797,0.7858356986009345
ensemble_v3_catboost,v3w90_catboost_base_all_cal_sh025,Revenue,F2022,2012-07-04,2021-12-31,2022-01-01,2022-12-31,558129.1622992569,757619.840543235,0.7951243195734303
ensemble_v3_catboost,v3w90_catboost_base_all_cal_sh025,COGS,F2022,2012-07-04,2021-12-31,2022-01-01,2022-12-31,492313.31252136,659714.3665320582,0.7954220189909911
ensemble_v3_catboost,v3w70_catboost_base_all_cal_sh050,Revenue,F2020,2012-07-04,2019-12-31,2020-01-01,2020-12-31,536612.1836042409,737936.3146883621,0.7963132116626196
ensemble_v3_catboost,v3w70_catboost_base_all_cal_sh050,COGS,F2020,2012-07-04,2019-12-31,2020-01-01,2020-12-31,419333.3306875172,565201.4100904154,0.8285851908876135
ensemble_v3_catboost,v3w70_catboost_base_all_cal_sh050,Revenue,F2021,2012-07-04,2020-12-31,2021-01-01,2021-12-31,517897.5153672705,727260.1263962084,0.8037907213850899
ensemble_v3_catboost,v3w70_catboost_base_all_cal_sh050,COGS,F2021,2012-07-04,2020-12-31,2021-01-01,2021-12-31,452161.4374064368,644121.5184290911,0.7982272442066412
ensemble_v3_catboost,v3w70_catboost_base_all_cal_sh050,Revenue,F2022,2012-07-04,2021-12-31,2022-01-01,2022-12-31,539599.2704188637,736945.0375496575,0.8061535162735787
ensemble_v3_catboost,v3w70_catboost_base_all_cal_sh050,COGS,F2022,2012-07-04,2021-12-31,2022-01-01,2022-12-31,474135.697332277,639242.0050767871,0.8079220045127654
ensemble_v3_catboost,v3w80_catboost_base_all_cal_sh050,Revenue,F2020,2012-07-04,2019-12-31,2020-01-01,2020-12-31,546096.4437195957,751699.664852729,0.7886443764273359
ensemble_v3_catboost,v3w80_catboost_base_all_cal_sh050,COGS,F2020,2012-07-04,2019-12-31,2020-01-01,2020-12-31,424904.62534205394,573268.504906075,0.8236570786993881
ensemble_v3_catboost,v3w80_catboost_base_all_cal_sh050,Revenue,F2021,2012-07-04,2020-12-31,2021-01-01,2021-12-31,526179.616569622,738774.6494552271,0.7975284741015044
ensemble_v3_catboost,v3w80_catboost_base_all_cal_sh050,COGS,F2021,2012-07-04,2020-12-31,2021-01-01,2021-12-31,458793.6874957373,651441.6495440769,0.7936150842346796
ensemble_v3_catboost,v3w80_catboost_base_all_cal_sh050,Revenue,F2022,2012-07-04,2021-12-31,2022-01-01,2022-12-31,546721.7591986401,744567.4905077252,0.8021227481888733
ensemble_v3_catboost,v3w80_catboost_base_all_cal_sh050,COGS,F2022,2012-07-04,2021-12-31,2022-01-01,2022-12-31,481199.32680468215,647100.85008305,0.8031701573144048
ensemble_v3_catboost,v3w90_catboost_base_all_cal_sh050,Revenue,F2020,2012-07-04,2019-12-31,2020-01-01,2020-12-31,555805.2598877602,766143.9293293322,0.7804437401824076
ensemble_v3_catboost,v3w90_catboost_base_all_cal_sh050,COGS,F2020,2012-07-04,2019-12-31,2020-01-01,2020-12-31,430970.1349126982,582182.6137251827,0.8181303089114724
ensemble_v3_catboost,v3w90_catboost_base_all_cal_sh050,Revenue,F2021,2012-07-04,2020-12-31,2021-01-01,2021-12-31,534505.3098677773,750496.5362901337,0.7910524076255672
ensemble_v3_catboost,v3w90_catboost_base_all_cal_sh050,COGS,F2021,2012-07-04,2020-12-31,2021-01-01,2021-12-31,465440.1409633063,658940.074321997,0.7888365491844768
ensemble_v3_catboost,v3w90_catboost_base_all_cal_sh050,Revenue,F2022,2012-07-04,2021-12-31,2022-01-01,2022-12-31,554132.5398793216,752846.3034816827,0.7976979075808608
ensemble_v3_catboost,v3w90_catboost_base_all_cal_sh050,COGS,F2022,2012-07-04,2021-12-31,2022-01-01,2022-12-31,488510.7211485939,655340.9437353472,0.7981254325545257
ensemble_v3_catboost,v3w70_catboost_base_all_cal_sh075,Revenue,F2020,2012-07-04,2019-12-31,2020-01-01,2020-12-31,521319.102031099,720517.6473019951,0.8058155993524422
ensemble_v3_catboost,v3w70_catboost_base_all_cal_sh075,COGS,F2020,2012-07-04,2019-12-31,2020-01-01,2020-12-31,407836.7082768156,552280.4672866084,0.8363329580158603
ensemble_v3_catboost,v3w70_catboost_base_all_cal_sh075,Revenue,F2021,2012-07-04,2020-12-31,2021-01-01,2021-12-31,505468.6643505931,712367.3262349241,0.8117443712496752
ensemble_v3_catboost,v3w70_catboost_base_all_cal_sh075,COGS,F2021,2012-07-04,2020-12-31,2021-01-01,2021-12-31,441939.06493060524,630719.2382179853,0.8065364887909949
ensemble_v3_catboost,v3w70_catboost_base_all_cal_sh075,Revenue,F2022,2012-07-04,2021-12-31,2022-01-01,2022-12-31,527636.3603736106,722547.9633059909,0.8136535633767314
ensemble_v3_catboost,v3w70_catboost_base_all_cal_sh075,COGS,F2022,2012-07-04,2021-12-31,2022-01-01,2022-12-31,462970.40138380346,626544.5225866283,0.8154768414716806
ensemble_v3_catboost,v3w80_catboost_base_all_cal_sh075,Revenue,F2020,2012-07-04,2019-12-31,2020-01-01,2020-12-31,535935.9029290616,740103.6395025536,0.7951149952286568
ensemble_v3_catboost,v3w80_catboost_base_all_cal_sh075,COGS,F2020,2012-07-04,2019-12-31,2020-01-01,2020-12-31,417512.3950167776,564918.7805687023,0.8287565803133754
ensemble_v3_catboost,v3w80_catboost_base_all_cal_sh075,Revenue,F2021,2012-07-04,2020-12-31,2021-01-01,2021-12-31,517845.135755837,728644.4991999023,0.8030430238109579
ensemble_v3_catboost,v3w80_catboost_base_all_cal_sh075,COGS,F2021,2012-07-04,2020-12-31,2021-01-01,2021-12-31,451950.7862269824,642345.9441397178,0.799338117596529
ensemble_v3_catboost,v3w80_catboost_base_all_cal_sh075,Revenue,F2022,2012-07-04,2021-12-31,2022-01-01,2022-12-31,538870.0880562747,735103.2034158582,0.8071212598336827
ensemble_v3_catboost,v3w80_catboost_base_all_cal_sh075,COGS,F2022,2012-07-04,2021-12-31,2022-01-01,2022-12-31,473713.1719643522,638566.6054362347,0.8083276752115438
ensemble_v3_catboost,v3w90_catboost_base_all_cal_sh075,Revenue,F2020,2012-07-04,2019-12-31,2020-01-01,2020-12-31,550752.5203576387,760358.8887278753,0.7837468964204544
ensemble_v3_catboost,v3w90_catboost_base_all_cal_sh075,COGS,F2020,2012-07-04,2019-12-31,2020-01-01,2020-12-31,427339.20884067426,578140.1376712179,0.8206472214827109
ensemble_v3_catboost,v3w90_catboost_base_all_cal_sh075,Revenue,F2021,2012-07-04,2020-12-31,2021-01-01,2021-12-31,530333.9847634268,745336.5475897329,0.7939157407134922
ensemble_v3_catboost,v3w90_catboost_base_all_cal_sh075,COGS,F2021,2012-07-04,2020-12-31,2021-01-01,2021-12-31,462030.47663955705,654315.9545825121,0.7917898343515415
ensemble_v3_catboost,v3w90_catboost_base_all_cal_sh075,Revenue,F2022,2012-07-04,2021-12-31,2022-01-01,2022-12-31,550201.6061977658,748182.9130953178,0.8001964035246192
ensemble_v3_catboost,v3w90_catboost_base_all_cal_sh075,COGS,F2022,2012-07-04,2021-12-31,2022-01-01,2022-12-31,484734.578236036,651042.9986003337,0.8007646714653596
