Date,model,variant,Revenue_actual,COGS_actual,Revenue_pred,COGS_pred,Revenue_error,Revenue_abs_error,COGS_error,COGS_abs_error
2022-01-01,residual_meta_catboost,catboost_base_all_cal_sh075_cal2022,2932155.47,3019583.5,2493425.9291629475,2453946.032246604,-438729.54083705274,438729.54083705274,-565637.4677533959,565637.4677533959
2022-01-02,residual_meta_catboost,catboost_base_all_cal_sh075_cal2022,2361965.0,2368851.11,1509698.6661917898,1415242.3934673616,-852266.3338082102,852266.3338082102,-953608.7165326383,953608.7165326383
2022-01-03,residual_meta_catboost,catboost_base_all_cal_sh075_cal2022,545563.72,476501.31,1144708.8596866133,1062809.3608075075,599145.1396866133,599145.1396866133,586308.0508075075,586308.0508075075
2022-01-04,residual_meta_catboost,catboost_base_all_cal_sh075_cal2022,1242319.38,1057834.07,1165822.5703206295,993823.8383050036,-76496.80967937037,76496.80967937037,-64010.23169499647,64010.23169499647
2022-01-05,residual_meta_catboost,catboost_base_all_cal_sh075_cal2022,809977.6,684605.3,1147984.8952430526,929630.4013922123,338007.29524305265,338007.29524305265,245025.1013922122,245025.1013922122
2022-01-06,residual_meta_catboost,catboost_base_all_cal_sh075_cal2022,993048.62,827696.4,1030680.8418164599,840529.1145633647,37632.2218164599,37632.2218164599,12832.714563364629,12832.714563364629
2022-01-07,residual_meta_catboost,catboost_base_all_cal_sh075_cal2022,1294963.64,1109631.82,1121444.3596865071,943731.1574549712,-173519.28031349275,173519.28031349275,-165900.66254502884,165900.66254502884
2022-01-08,residual_meta_catboost,catboost_base_all_cal_sh075_cal2022,1641747.05,1369252.03,1476513.5748695724,1256816.9685052782,-165233.47513042763,165233.47513042763,-112435.0614947218,112435.0614947218
2022-01-09,residual_meta_catboost,catboost_base_all_cal_sh075_cal2022,1706485.37,1491356.56,1619962.1511725464,1416959.5416342139,-86523.21882745367,86523.21882745367,-74397.01836578618,74397.01836578618
2022-01-10,residual_meta_catboost,catboost_base_all_cal_sh075_cal2022,2569113.21,2158709.88,1687842.909206994,1446766.1571502297,-881270.3007930059,881270.3007930059,-711943.7228497702,711943.7228497702
2022-01-11,residual_meta_catboost,catboost_base_all_cal_sh075_cal2022,1640806.35,1336967.26,1707541.132116306,1443806.8384680098,66734.78211630601,66734.78211630601,106839.57846800983,106839.57846800983
2022-01-12,residual_meta_catboost,catboost_base_all_cal_sh075_cal2022,1775526.5,1506945.6,1617565.7341881446,1343213.3159361132,-157960.76581185544,157960.76581185544,-163732.28406388685,163732.28406388685
2022-01-13,residual_meta_catboost,catboost_base_all_cal_sh075_cal2022,1173172.99,946254.56,1557252.693322113,1330116.1499985782,384079.703322113,384079.703322113,383861.5899985782,383861.5899985782
2022-01-14,residual_meta_catboost,catboost_base_all_cal_sh075_cal2022,1548726.82,1300219.1,1435530.3475254683,1226894.6783284375,-113196.47247453174,113196.47247453174,-73324.4216715626,73324.4216715626
2022-01-15,residual_meta_catboost,catboost_base_all_cal_sh075_cal2022,1461990.71,1263054.33,1595789.5214375954,1363974.177565199,133798.8114375954,133798.8114375954,100919.84756519902,100919.84756519902
2022-01-16,residual_meta_catboost,catboost_base_all_cal_sh075_cal2022,2064339.13,1781850.02,1845620.7073106787,1539506.607353,-218718.42268932122,218718.42268932122,-242343.41264700005,242343.41264700005
2022-01-17,residual_meta_catboost,catboost_base_all_cal_sh075_cal2022,1621773.2,1340632.16,2006741.6078686335,1714156.0161072547,384968.4078686335,384968.4078686335,373523.85610725475,373523.85610725475
2022-01-18,residual_meta_catboost,catboost_base_all_cal_sh075_cal2022,1861205.18,1606509.55,1864663.9443487648,1560211.3449742775,3458.764348764904,3458.764348764904,-46298.205025722506,46298.205025722506
2022-01-19,residual_meta_catboost,catboost_base_all_cal_sh075_cal2022,2020862.53,1738187.82,1713225.1936799702,1434881.5589021605,-307637.3363200298,307637.3363200298,-303306.26109783957,303306.26109783957
2022-01-20,residual_meta_catboost,catboost_base_all_cal_sh075_cal2022,1249233.56,1043117.49,1720781.8475096272,1407470.038201091,471548.2875096272,471548.2875096272,364352.5482010911,364352.5482010911
2022-01-21,residual_meta_catboost,catboost_base_all_cal_sh075_cal2022,1580948.85,1245282.02,1615243.284517642,1323938.2462637974,34294.43451764202,34294.43451764202,78656.22626379738,78656.22626379738
2022-01-22,residual_meta_catboost,catboost_base_all_cal_sh075_cal2022,1758593.8,1468639.94,1745287.4835693329,1476621.029184886,-13306.316430667182,13306.316430667182,7981.089184886077,7981.089184886077
2022-01-23,residual_meta_catboost,catboost_base_all_cal_sh075_cal2022,1785338.17,1512426.38,1962715.4578158553,1653672.5956253922,177377.28781585535,177377.28781585535,141246.21562539227,141246.21562539227
2022-01-24,residual_meta_catboost,catboost_base_all_cal_sh075_cal2022,1915906.28,1601822.71,2216633.375167789,1843412.4519355213,300727.0951677889,300727.0951677889,241589.74193552136,241589.74193552136
2022-01-25,residual_meta_catboost,catboost_base_all_cal_sh075_cal2022,2471179.3,1957064.07,2145980.0757815195,1798237.412706352,-325199.2242184803,325199.2242184803,-158826.657293648,158826.657293648
2022-01-26,residual_meta_catboost,catboost_base_all_cal_sh075_cal2022,2278973.82,1903209.07,2370945.162460365,1956345.246964899,91971.34246036503,91971.34246036503,53136.17696489883,53136.17696489883
2022-01-27,residual_meta_catboost,catboost_base_all_cal_sh075_cal2022,1604489.99,1290075.13,2577901.276786649,2109391.574759249,973411.2867866491,973411.2867866491,819316.4447592492,819316.4447592492
2022-01-28,residual_meta_catboost,catboost_base_all_cal_sh075_cal2022,2792317.48,2306948.5,2770761.731331442,2290807.971597116,-21555.748668557964,21555.748668557964,-16140.528402884025,16140.528402884025
2022-01-29,residual_meta_catboost,catboost_base_all_cal_sh075_cal2022,3897632.5,3247780.03,3226275.7141128583,2659801.838613705,-671356.7858871417,671356.7858871417,-587978.191386295,587978.191386295
2022-01-30,residual_meta_catboost,catboost_base_all_cal_sh075_cal2022,3903300.55,3262713.48,3265890.3351571867,2781435.9152700007,-637410.2148428131,637410.2148428131,-481277.5647299993,481277.5647299993
2022-01-31,residual_meta_catboost,catboost_base_all_cal_sh075_cal2022,3159829.55,2627738.4,3062407.0694057248,2553096.0381436218,-97422.48059427505,97422.48059427505,-74642.36185637815,74642.36185637815
2022-02-01,residual_meta_catboost,catboost_base_all_cal_sh075_cal2022,3672475.88,3092119.13,2569535.4439705834,2133513.1884703254,-1102940.4360294165,1102940.4360294165,-958605.9415296745,958605.9415296745
2022-02-02,residual_meta_catboost,catboost_base_all_cal_sh075_cal2022,3072419.17,2457270.01,1865927.6150048343,1577976.4070214948,-1206491.5549951657,1206491.5549951657,-879293.602978505,879293.602978505
2022-02-03,residual_meta_catboost,catboost_base_all_cal_sh075_cal2022,1056919.3,915391.24,1429057.7313593372,1184383.7795676251,372138.4313593372,372138.4313593372,268992.53956762515,268992.53956762515
2022-02-04,residual_meta_catboost,catboost_base_all_cal_sh075_cal2022,1135262.35,959597.02,1393023.7312523928,1154085.0601656982,257761.38125239266,257761.38125239266,194488.04016569816,194488.04016569816
2022-02-05,residual_meta_catboost,catboost_base_all_cal_sh075_cal2022,1325806.77,1094262.79,1618660.2329381872,1380039.768584725,292853.4629381872,292853.4629381872,285776.97858472494,285776.97858472494
2022-02-06,residual_meta_catboost,catboost_base_all_cal_sh075_cal2022,1360544.32,1086414.25,1747940.8448476188,1471638.947666224,387396.52484761877,387396.52484761877,385224.6976662241,385224.6976662241
2022-02-07,residual_meta_catboost,catboost_base_all_cal_sh075_cal2022,1777072.87,1505671.69,1761145.0115835792,1510590.7803622335,-15927.858416420873,15927.858416420873,4919.090362233575,4919.090362233575
2022-02-08,residual_meta_catboost,catboost_base_all_cal_sh075_cal2022,2324022.32,1858719.97,1816099.2388303305,1536527.7992604193,-507923.0811696693,507923.0811696693,-322192.17073958064,322192.17073958064
2022-02-09,residual_meta_catboost,catboost_base_all_cal_sh075_cal2022,2087968.13,1716217.3,1860859.4618925883,1533978.2771493832,-227108.6681074116,227108.6681074116,-182239.02285061684,182239.02285061684
2022-02-10,residual_meta_catboost,catboost_base_all_cal_sh075_cal2022,1681958.09,1377183.24,1915167.556390085,1576992.6239559916,233209.46639008494,233209.46639008494,199809.3839559916,199809.3839559916
2022-02-11,residual_meta_catboost,catboost_base_all_cal_sh075_cal2022,1868277.55,1450465.3,1800464.9106000692,1480689.2792693684,-67812.63939993083,67812.63939993083,30223.97926936834,30223.97926936834
2022-02-12,residual_meta_catboost,catboost_base_all_cal_sh075_cal2022,2483675.48,2002526.57,2094443.986444211,1751207.4446809127,-389231.4935557889,389231.4935557889,-251319.1253190874,251319.1253190874
2022-02-13,residual_meta_catboost,catboost_base_all_cal_sh075_cal2022,2471088.82,2037847.39,2446985.2392094783,2054091.0640997554,-24103.580790521577,24103.580790521577,16243.674099755473,16243.674099755473
2022-02-14,residual_meta_catboost,catboost_base_all_cal_sh075_cal2022,2477651.08,2066561.36,2839083.590116043,2396333.160913448,361432.51011604303,361432.51011604303,329771.80091344775,329771.80091344775
2022-02-15,residual_meta_catboost,catboost_base_all_cal_sh075_cal2022,2911470.49,2304155.38,2495672.5424325857,2084186.922669809,-415797.9475674145,415797.9475674145,-219968.4573301908,219968.4573301908
2022-02-16,residual_meta_catboost,catboost_base_all_cal_sh075_cal2022,3189077.73,2624063.44,2451915.243989628,2017115.2128507807,-737162.4860103722,737162.4860103722,-606948.2271492193,606948.2271492193
2022-02-17,residual_meta_catboost,catboost_base_all_cal_sh075_cal2022,2365001.98,1930644.21,2455368.1690480723,1999808.7718897406,90366.18904807232,90366.18904807232,69164.56188974064,69164.56188974064
2022-02-18,residual_meta_catboost,catboost_base_all_cal_sh075_cal2022,2218074.92,1902787.38,2421660.014297867,1962368.9966469193,203585.09429786727,203585.09429786727,59581.6166469194,59581.6166469194
2022-02-19,residual_meta_catboost,catboost_base_all_cal_sh075_cal2022,2497284.24,2073056.25,2571574.2762511247,2093907.7833587232,74290.03625112446,74290.03625112446,20851.533358723158,20851.533358723158
2022-02-20,residual_meta_catboost,catboost_base_all_cal_sh075_cal2022,3274514.0,2808978.4,3034413.021897124,2509896.979160337,-240100.97810287587,240100.97810287587,-299081.42083966313,299081.42083966313
2022-02-21,residual_meta_catboost,catboost_base_all_cal_sh075_cal2022,3231879.49,2662096.96,3057674.828923308,2553056.2584590167,-174204.6610766924,174204.6610766924,-109040.70154098328,109040.70154098328
2022-02-22,residual_meta_catboost,catboost_base_all_cal_sh075_cal2022,3646117.64,3080342.28,3123987.1894802786,2561227.694750347,-522130.4505197215,522130.4505197215,-519114.5852496526,519114.5852496526
2022-02-23,residual_meta_catboost,catboost_base_all_cal_sh075_cal2022,3297595.34,2768284.27,3491562.6785594746,2852972.5045568934,193967.3385594748,193967.3385594748,84688.23455689335,84688.23455689335
2022-02-24,residual_meta_catboost,catboost_base_all_cal_sh075_cal2022,2768850.97,2337359.85,3548268.1523456755,2977509.7700528014,779417.1823456753,779417.1823456753,640149.9200528013,640149.9200528013
2022-02-25,residual_meta_catboost,catboost_base_all_cal_sh075_cal2022,2943786.98,2445090.2,4066968.735627129,3496548.214255215,1123181.7556271292,1123181.7556271292,1051458.014255215,1051458.014255215
2022-02-26,residual_meta_catboost,catboost_base_all_cal_sh075_cal2022,6304749.98,4896174.07,4085435.338617933,3541380.968916773,-2219314.6413820675,2219314.6413820675,-1354793.1010832274,1354793.1010832274
2022-02-27,residual_meta_catboost,catboost_base_all_cal_sh075_cal2022,5652340.75,4889448.26,4103426.004950434,3486572.9451813167,-1548914.745049566,1548914.745049566,-1402875.314818683,1402875.314818683
2022-02-28,residual_meta_catboost,catboost_base_all_cal_sh075_cal2022,6007208.86,4942844.92,3748810.5862907767,3049317.2131575453,-2258398.2737092236,2258398.2737092236,-1893527.7068424546,1893527.7068424546
2022-03-01,residual_meta_catboost,catboost_base_all_cal_sh075_cal2022,4532724.33,3774772.1,2664083.1885438417,2298167.1409942736,-1868641.1414561584,1868641.1414561584,-1476604.9590057265,1476604.9590057265
2022-03-02,residual_meta_catboost,catboost_base_all_cal_sh075_cal2022,5221766.09,4446394.75,2004656.533052872,1604496.4499368225,-3217109.556947128,3217109.556947128,-2841898.3000631775,2841898.3000631775
2022-03-03,residual_meta_catboost,catboost_base_all_cal_sh075_cal2022,1113577.08,936517.95,1276897.900473703,1037868.4125929077,163320.82047370286,163320.82047370286,101350.46259290772,101350.46259290772
2022-03-04,residual_meta_catboost,catboost_base_all_cal_sh075_cal2022,1265611.41,1001621.35,1577112.4045655087,1345310.6422385948,311500.9945655088,311500.9945655088,343689.29223859485,343689.29223859485
2022-03-05,residual_meta_catboost,catboost_base_all_cal_sh075_cal2022,1917604.21,1671253.56,1728990.8446910097,1477888.0786871712,-188613.36530899024,188613.36530899024,-193365.48131282884,193365.48131282884
2022-03-06,residual_meta_catboost,catboost_base_all_cal_sh075_cal2022,2406752.08,1881208.83,2212373.300966967,1815804.0041047926,-194378.77903303318,194378.77903303318,-65404.82589520747,65404.82589520747
2022-03-07,residual_meta_catboost,catboost_base_all_cal_sh075_cal2022,3077438.94,2603663.56,2581678.7739437213,2234561.7562799193,-495760.1660562786,495760.1660562786,-369101.80372008076,369101.80372008076
2022-03-08,residual_meta_catboost,catboost_base_all_cal_sh075_cal2022,3777839.97,3199498.52,3007253.7043074546,2489188.2978119794,-770586.2656925456,770586.2656925456,-710310.2221880206,710310.2221880206
2022-03-09,residual_meta_catboost,catboost_base_all_cal_sh075_cal2022,4138590.91,3354044.48,3351022.4727515588,2717883.381228524,-787568.4372484414,787568.4372484414,-636161.0987714762,636161.0987714762
2022-03-10,residual_meta_catboost,catboost_base_all_cal_sh075_cal2022,3544992.79,2897669.69,3366306.037460765,2729049.451131967,-178686.75253923517,178686.75253923517,-168620.23886803305,168620.23886803305
2022-03-11,residual_meta_catboost,catboost_base_all_cal_sh075_cal2022,3499825.21,2868355.02,3454856.206731299,2827462.793379583,-44969.003268701024,44969.003268701024,-40892.22662041709,40892.22662041709
2022-03-12,residual_meta_catboost,catboost_base_all_cal_sh075_cal2022,3731020.06,3230097.43,3541470.360916032,2972307.442061045,-189549.69908396807,189549.69908396807,-257789.98793895496,257789.98793895496
2022-03-13,residual_meta_catboost,catboost_base_all_cal_sh075_cal2022,4026635.22,3346220.86,3582186.508508525,2956523.5164007796,-444448.71149147535,444448.71149147535,-389697.3435992203,389697.3435992203
2022-03-14,residual_meta_catboost,catboost_base_all_cal_sh075_cal2022,4709281.9,3928279.43,3870344.9433354186,3274864.6279989034,-838936.9566645818,838936.9566645818,-653414.8020010968,653414.8020010968
2022-03-15,residual_meta_catboost,catboost_base_all_cal_sh075_cal2022,4619237.89,3907599.13,4149100.558781699,3490362.9743925883,-470137.33121830085,470137.33121830085,-417236.15560741164,417236.15560741164
2022-03-16,residual_meta_catboost,catboost_base_all_cal_sh075_cal2022,4519934.96,3787149.37,4327739.811285946,3621741.371963708,-192195.14871405438,192195.14871405438,-165407.99803629192,165407.99803629192
2022-03-17,residual_meta_catboost,catboost_base_all_cal_sh075_cal2022,5222281.22,4421275.88,4643170.269498221,3980561.0995237106,-579110.9505017791,579110.9505017791,-440714.78047628934,440714.78047628934
2022-03-18,residual_meta_catboost,catboost_base_all_cal_sh075_cal2022,4426435.98,3648313.01,4357964.591709925,3762049.515264939,-68471.38829007559,68471.38829007559,113736.50526493927,113736.50526493927
2022-03-19,residual_meta_catboost,catboost_base_all_cal_sh075_cal2022,4313906.61,3587200.12,4087313.8548489893,3528847.8460541503,-226592.75515101105,226592.75515101105,-58352.273945849854,58352.273945849854
2022-03-20,residual_meta_catboost,catboost_base_all_cal_sh075_cal2022,4198964.15,3744253.09,4198741.034471871,3699716.0097197937,-223.1155281290412,223.1155281290412,-44537.080280206166,44537.080280206166
2022-03-21,residual_meta_catboost,catboost_base_all_cal_sh075_cal2022,4036051.82,3737447.21,4178137.018012303,3825677.7771453382,142085.1980123031,142085.1980123031,88230.56714533828,88230.56714533828
2022-03-22,residual_meta_catboost,catboost_base_all_cal_sh075_cal2022,4626820.15,4342565.79,4283681.922293439,3958753.3201238727,-343138.2277065618,343138.2277065618,-383812.4698761273,383812.4698761273
2022-03-23,residual_meta_catboost,catboost_base_all_cal_sh075_cal2022,5301842.45,4915987.31,4596112.0200310415,4276247.266823245,-705730.4299689587,705730.4299689587,-639740.0431767544,639740.0431767544
2022-03-24,residual_meta_catboost,catboost_base_all_cal_sh075_cal2022,5052034.89,4744310.26,4547952.646542796,4291032.996180287,-504082.24345720373,504082.24345720373,-453277.26381971315,453277.26381971315
2022-03-25,residual_meta_catboost,catboost_base_all_cal_sh075_cal2022,4122489.22,4014534.97,4434764.694109497,4166049.7826992217,312275.47410949646,312275.47410949646,151514.81269922154,151514.81269922154
2022-03-26,residual_meta_catboost,catboost_base_all_cal_sh075_cal2022,4325007.4,4010228.32,4341877.541300376,4079844.1364834085,16870.141300375573,16870.141300375573,69615.81648340868,69615.81648340868
2022-03-27,residual_meta_catboost,catboost_base_all_cal_sh075_cal2022,5169170.11,4775502.11,4693510.61265647,4328259.865386573,-475659.49734352995,475659.49734352995,-447242.24461342767,447242.24461342767
2022-03-28,residual_meta_catboost,catboost_base_all_cal_sh075_cal2022,4855258.01,4607293.73,4617645.373206411,4287507.094115163,-237612.63679358922,237612.63679358922,-319786.63588483725,319786.63588483725
2022-03-29,residual_meta_catboost,catboost_base_all_cal_sh075_cal2022,4908504.49,4613958.54,5157430.9580472205,4855102.152275631,248926.46804722026,248926.46804722026,241143.61227563117,241143.61227563117
2022-03-30,residual_meta_catboost,catboost_base_all_cal_sh075_cal2022,11643208.73,10896036.48,8985637.128633773,8684015.469738293,-2657571.6013662275,2657571.6013662275,-2212021.010261707,2212021.010261707
2022-03-31,residual_meta_catboost,catboost_base_all_cal_sh075_cal2022,9233141.0,8773718.15,8355809.208412034,8097829.585486345,-877331.7915879656,877331.7915879656,-675888.5645136554,675888.5645136554
2022-04-01,residual_meta_catboost,catboost_base_all_cal_sh075_cal2022,8299060.74,8041756.19,7815353.496718992,7489755.541348587,-483707.2432810087,483707.2432810087,-552000.6486514136,552000.6486514136
2022-04-02,residual_meta_catboost,catboost_base_all_cal_sh075_cal2022,8289456.22,7808017.19,7490122.219622028,7234824.269149422,-799334.0003779717,799334.0003779717,-573192.9208505787,573192.9208505787
2022-04-03,residual_meta_catboost,catboost_base_all_cal_sh075_cal2022,6547965.12,6148445.74,6400622.647390041,6016217.500607914,-147342.47260995954,147342.47260995954,-132228.23939208593,132228.23939208593
2022-04-04,residual_meta_catboost,catboost_base_all_cal_sh075_cal2022,1974536.55,1802524.97,2660649.89742538,2633439.2768830387,686113.34742538,686113.34742538,830914.3068830387,830914.3068830387
2022-04-05,residual_meta_catboost,catboost_base_all_cal_sh075_cal2022,3017582.3,2782222.29,2848305.091807484,2673486.0569995055,-169277.20819251565,169277.20819251565,-108736.23300049454,108736.23300049454
2022-04-06,residual_meta_catboost,catboost_base_all_cal_sh075_cal2022,2934004.6,2645021.55,3075860.371879598,2810414.0574769937,141855.77187959803,141855.77187959803,165392.50747699384,165392.50747699384
2022-04-07,residual_meta_catboost,catboost_base_all_cal_sh075_cal2022,1947894.58,1833343.52,3004344.7128473907,2816633.01241789,1056450.1328473906,1056450.1328473906,983289.4924178901,983289.4924178901
2022-04-08,residual_meta_catboost,catboost_base_all_cal_sh075_cal2022,2516364.3,2311523.71,3045266.628591079,2881194.497284864,528902.328591079,528902.328591079,569670.7872848641,569670.7872848641
2022-04-09,residual_meta_catboost,catboost_base_all_cal_sh075_cal2022,3523261.24,3380510.41,3352349.1091930936,3108675.0134673896,-170912.1308069066,170912.1308069066,-271835.3965326105,271835.3965326105
2022-04-10,residual_meta_catboost,catboost_base_all_cal_sh075_cal2022,3747690.93,3511278.1,3341773.3180786637,3120838.6514876275,-405917.6119213365,405917.6119213365,-390439.44851237256,390439.44851237256
2022-04-11,residual_meta_catboost,catboost_base_all_cal_sh075_cal2022,4187283.4,3982564.11,3703222.948211249,3483695.360712013,-484060.45178875094,484060.45178875094,-498868.74928798666,498868.74928798666
2022-04-12,residual_meta_catboost,catboost_base_all_cal_sh075_cal2022,4300020.35,4061975.74,3711227.0424024337,3463562.917356696,-588793.3075975659,588793.3075975659,-598412.8226433042,598412.8226433042
2022-04-13,residual_meta_catboost,catboost_base_all_cal_sh075_cal2022,4888627.31,4546028.85,4119829.048275398,3919930.1997701162,-768798.2617246015,768798.2617246015,-626098.6502298834,626098.6502298834
2022-04-14,residual_meta_catboost,catboost_base_all_cal_sh075_cal2022,4670014.27,4407778.78,4096974.06191191,3845266.7812172254,-573040.2080880897,573040.2080880897,-562511.9987827749,562511.9987827749
2022-04-15,residual_meta_catboost,catboost_base_all_cal_sh075_cal2022,4908291.49,4288050.23,3780211.510868252,3411757.9781980366,-1128079.9791317484,1128079.9791317484,-876292.2518019639,876292.2518019639
2022-04-16,residual_meta_catboost,catboost_base_all_cal_sh075_cal2022,5147946.06,4540748.11,4153008.9471189533,3737112.5807969593,-994937.1128810463,994937.1128810463,-803635.529203041,803635.529203041
2022-04-17,residual_meta_catboost,catboost_base_all_cal_sh075_cal2022,4470361.38,3877207.22,4464790.159463836,3862849.270052332,-5571.220536164008,5571.220536164008,-14357.94994766824,14357.94994766824
2022-04-18,residual_meta_catboost,catboost_base_all_cal_sh075_cal2022,3680888.01,2995894.73,4282864.064484285,3694887.191784734,601976.0544842854,601976.0544842854,698992.4617847339,698992.4617847339
2022-04-19,residual_meta_catboost,catboost_base_all_cal_sh075_cal2022,4426735.65,3630694.51,4561254.9615293555,3860176.087022439,134519.31152935512,134519.31152935512,229481.57702243933,229481.57702243933
2022-04-20,residual_meta_catboost,catboost_base_all_cal_sh075_cal2022,4874458.71,4017615.85,4850687.482077429,4003742.9977854593,-23771.22792257089,23771.22792257089,-13872.85221454082,13872.85221454082
2022-04-21,residual_meta_catboost,catboost_base_all_cal_sh075_cal2022,2926459.0,2418771.53,4293849.427061811,3660061.2109621195,1367390.427061811,1367390.427061811,1241289.6809621197,1241289.6809621197
2022-04-22,residual_meta_catboost,catboost_base_all_cal_sh075_cal2022,4609506.19,3890393.56,4294958.659861105,3567404.1760364235,-314547.53013889585,314547.53013889585,-322989.3839635765,322989.3839635765
2022-04-23,residual_meta_catboost,catboost_base_all_cal_sh075_cal2022,4709847.04,3925675.06,4577393.874194611,3803990.370622909,-132453.16580538917,132453.16580538917,-121684.6893770909,121684.6893770909
2022-04-24,residual_meta_catboost,catboost_base_all_cal_sh075_cal2022,5020542.99,4173556.86,4691916.776514165,3856286.259247087,-328626.2134858351,328626.2134858351,-317270.6007529129,317270.6007529129
2022-04-25,residual_meta_catboost,catboost_base_all_cal_sh075_cal2022,4873788.42,3954819.04,4794911.6490943665,3917767.1801196495,-78876.77090563346,78876.77090563346,-37051.85988035053,37051.85988035053
2022-04-26,residual_meta_catboost,catboost_base_all_cal_sh075_cal2022,5688161.6,4770812.83,5315115.631639561,4246771.799860701,-373045.96836043894,373045.96836043894,-524041.0301392991,524041.0301392991
2022-04-27,residual_meta_catboost,catboost_base_all_cal_sh075_cal2022,5361513.76,4376745.35,6065324.208248085,4947344.034513989,703810.4482480856,703810.4482480856,570598.6845139898,570598.6845139898
2022-04-28,residual_meta_catboost,catboost_base_all_cal_sh075_cal2022,5590934.3,4645081.23,6141863.877463164,4979987.509286255,550929.577463164,550929.577463164,334906.2792862542,334906.2792862542
2022-04-29,residual_meta_catboost,catboost_base_all_cal_sh075_cal2022,7579535.07,6187238.79,7736044.000143443,6483216.022576668,156508.93014344294,156508.93014344294,295977.23257666826,295977.23257666826
2022-04-30,residual_meta_catboost,catboost_base_all_cal_sh075_cal2022,6592777.23,5405333.92,6845985.515014045,5639038.070534875,253208.2850140445,253208.2850140445,233704.15053487476,233704.15053487476
2022-05-01,residual_meta_catboost,catboost_base_all_cal_sh075_cal2022,5680859.44,4706859.17,6369303.33333627,5157337.7545186905,688443.89333627,688443.89333627,450478.5845186906,450478.5845186906
2022-05-02,residual_meta_catboost,catboost_base_all_cal_sh075_cal2022,4291036.44,3434252.59,5663960.4529876085,4735474.803307004,1372924.012987608,1372924.012987608,1301222.2133070044,1301222.2133070044
2022-05-03,residual_meta_catboost,catboost_base_all_cal_sh075_cal2022,5504853.65,4531490.74,4872851.182179885,3891077.609848939,-632002.4678201154,632002.4678201154,-640413.1301510613,640413.1301510613
2022-05-04,residual_meta_catboost,catboost_base_all_cal_sh075_cal2022,1792730.62,1492900.17,2914017.990102621,2367885.7194838882,1121287.3701026207,1121287.3701026207,874985.5494838883,874985.5494838883
2022-05-05,residual_meta_catboost,catboost_base_all_cal_sh075_cal2022,3556300.98,2916616.09,3253771.71584974,2436827.056555067,-302529.26415026,302529.26415026,-479789.03344493266,479789.03344493266
2022-05-06,residual_meta_catboost,catboost_base_all_cal_sh075_cal2022,2532060.94,2027456.78,2936308.72559521,2266178.3843840323,404247.78559521027,404247.78559521027,238721.6043840323,238721.6043840323
2022-05-07,residual_meta_catboost,catboost_base_all_cal_sh075_cal2022,3620303.23,3000039.1,3069066.8700813046,2460802.6934646675,-551236.3599186954,551236.3599186954,-539236.4065353326,539236.4065353326
2022-05-08,residual_meta_catboost,catboost_base_all_cal_sh075_cal2022,2468343.71,1923320.47,3153294.423218304,2559072.8529996197,684950.7132183039,684950.7132183039,635752.3829996197,635752.3829996197
2022-05-09,residual_meta_catboost,catboost_base_all_cal_sh075_cal2022,2985986.67,2430054.67,3577611.65606757,2938601.178787295,591624.9860675703,591624.9860675703,508546.50878729485,508546.50878729485
2022-05-10,residual_meta_catboost,catboost_base_all_cal_sh075_cal2022,3668495.19,2955983.75,3841341.3883440127,3069003.8358239178,172846.19834401272,172846.19834401272,113020.08582391776,113020.08582391776
2022-05-11,residual_meta_catboost,catboost_base_all_cal_sh075_cal2022,4347378.73,3521156.43,4136723.6098075965,3348852.6424748558,-210655.1201924039,210655.1201924039,-172303.7875251444,172303.7875251444
2022-05-12,residual_meta_catboost,catboost_base_all_cal_sh075_cal2022,4753134.02,3878195.49,4545066.04293952,3703503.865123966,-208067.9770604791,208067.9770604791,-174691.62487603445,174691.62487603445
2022-05-13,residual_meta_catboost,catboost_base_all_cal_sh075_cal2022,3479131.38,2953956.65,4190363.5633722423,3476421.915283756,711232.1833722424,711232.1833722424,522465.26528375596,522465.26528375596
2022-05-14,residual_meta_catboost,catboost_base_all_cal_sh075_cal2022,4406804.98,3730445.32,4117808.6475435435,3418278.659610772,-288996.33245645696,288996.33245645696,-312166.6603892278,312166.6603892278
2022-05-15,residual_meta_catboost,catboost_base_all_cal_sh075_cal2022,4455089.7,3604418.84,4300734.672362196,3518666.6289802445,-154355.02763780393,154355.02763780393,-85752.21101975534,85752.21101975534
2022-05-16,residual_meta_catboost,catboost_base_all_cal_sh075_cal2022,4323621.35,3469983.75,4147350.427590872,3450393.1382535878,-176270.92240912747,176270.92240912747,-19590.611746412236,19590.611746412236
2022-05-17,residual_meta_catboost,catboost_base_all_cal_sh075_cal2022,4158982.96,3363524.3,4513265.046158995,3712747.609904884,354282.0861589946,354282.0861589946,349223.3099048841,349223.3099048841
2022-05-18,residual_meta_catboost,catboost_base_all_cal_sh075_cal2022,6094171.87,4997123.61,4504417.98375627,3670193.5879556187,-1589753.8862437299,1589753.8862437299,-1326930.0220443816,1326930.0220443816
2022-05-19,residual_meta_catboost,catboost_base_all_cal_sh075_cal2022,5824908.18,4737898.72,4721044.434924998,3816438.587854956,-1103863.7450750014,1103863.7450750014,-921460.1321450439,921460.1321450439
2022-05-20,residual_meta_catboost,catboost_base_all_cal_sh075_cal2022,2226534.2,1797128.71,4557882.636335525,3751536.777751791,2331348.4363355245,2331348.4363355245,1954408.0677517909,1954408.0677517909
2022-05-21,residual_meta_catboost,catboost_base_all_cal_sh075_cal2022,4033154.28,3341369.82,4197933.70698052,3523358.9886537306,164779.42698052013,164779.42698052013,181989.16865373077,181989.16865373077
2022-05-22,residual_meta_catboost,catboost_base_all_cal_sh075_cal2022,5000275.74,4124194.76,4480206.334090826,3631648.1368526933,-520069.4059091741,520069.4059091741,-492546.6231473065,492546.6231473065
2022-05-23,residual_meta_catboost,catboost_base_all_cal_sh075_cal2022,3647180.26,3055864.88,4576733.644991514,3766881.4209391056,929553.3849915145,929553.3849915145,711016.5409391057,711016.5409391057
2022-05-24,residual_meta_catboost,catboost_base_all_cal_sh075_cal2022,4442598.36,3584450.45,4594374.785264871,3746225.0320754363,151776.42526487075,151776.42526487075,161774.58207543613,161774.58207543613
2022-05-25,residual_meta_catboost,catboost_base_all_cal_sh075_cal2022,6573956.43,5501922.55,5052079.496994277,3984149.6064362824,-1521876.9330057222,1521876.9330057222,-1517772.9435637174,1517772.9435637174
2022-05-26,residual_meta_catboost,catboost_base_all_cal_sh075_cal2022,6284218.49,5141408.99,5138730.356523589,4225348.25066163,-1145488.133476411,1145488.133476411,-916060.73933837,916060.73933837
2022-05-27,residual_meta_catboost,catboost_base_all_cal_sh075_cal2022,3652675.9,2933129.2,4828232.75435939,3926144.0982473665,1175556.8543593897,1175556.8543593897,993014.8982473663,993014.8982473663
2022-05-28,residual_meta_catboost,catboost_base_all_cal_sh075_cal2022,3223975.84,2664148.14,4625221.665609388,3793206.496009613,1401245.8256093878,1401245.8256093878,1129058.3560096128,1129058.3560096128
2022-05-29,residual_meta_catboost,catboost_base_all_cal_sh075_cal2022,5327455.25,4413502.81,5217276.569326316,4032842.89213932,-110178.680673684,110178.680673684,-380659.9178606798,380659.9178606798
2022-05-30,residual_meta_catboost,catboost_base_all_cal_sh075_cal2022,8158502.0,6931185.72,8176971.451928068,6919279.220244747,18469.451928067952,18469.451928067952,-11906.499755253084,11906.499755253084
2022-05-31,residual_meta_catboost,catboost_base_all_cal_sh075_cal2022,8513166.37,6787523.6,8250321.094249864,6768645.305996337,-262845.2757501351,262845.2757501351,-18878.294003662653,18878.294003662653
2022-06-01,residual_meta_catboost,catboost_base_all_cal_sh075_cal2022,8373363.4,7038218.52,8486678.002328085,7233641.260741388,113314.60232808441,113314.60232808441,195422.74074138887,195422.74074138887
2022-06-02,residual_meta_catboost,catboost_base_all_cal_sh075_cal2022,8325437.52,6796380.79,7906095.953834856,6645491.113683793,-419341.5661651436,419341.5661651436,-150889.67631620727,150889.67631620727
2022-06-03,residual_meta_catboost,catboost_base_all_cal_sh075_cal2022,6585522.44,5345747.87,6791660.612842946,5614402.3435826,206138.1728429459,206138.1728429459,268654.47358260024,268654.47358260024
2022-06-04,residual_meta_catboost,catboost_base_all_cal_sh075_cal2022,2998952.42,2492875.15,3266056.1031379853,2673561.8483236823,267103.6831379854,267103.6831379854,180686.69832368242,180686.69832368242
2022-06-05,residual_meta_catboost,catboost_base_all_cal_sh075_cal2022,2945501.79,2481566.23,3322278.239324432,2638536.1559351496,376776.44932443183,376776.44932443183,156969.92593514966,156969.92593514966
2022-06-06,residual_meta_catboost,catboost_base_all_cal_sh075_cal2022,3100859.0,2519872.17,3382698.531278191,2693931.7734450703,281839.53127819113,281839.53127819113,174059.60344507033,174059.60344507033
2022-06-07,residual_meta_catboost,catboost_base_all_cal_sh075_cal2022,3673238.8,3096187.02,3427514.6598642673,2773961.4207636416,-245724.14013573248,245724.14013573248,-322225.5992363584,322225.5992363584
2022-06-08,residual_meta_catboost,catboost_base_all_cal_sh075_cal2022,3686799.9,3086016.13,3894317.285430972,3140912.9827393885,207517.3854309721,207517.3854309721,54896.85273938859,54896.85273938859
2022-06-09,residual_meta_catboost,catboost_base_all_cal_sh075_cal2022,2619038.14,2169844.13,3728437.959652207,3038735.734466444,1109399.8196522067,1109399.8196522067,868891.6044664439,868891.6044664439
2022-06-10,residual_meta_catboost,catboost_base_all_cal_sh075_cal2022,3369544.01,2830537.04,3668153.244050894,2984623.5940237725,298609.23405089416,298609.23405089416,154086.55402377248,154086.55402377248
2022-06-11,residual_meta_catboost,catboost_base_all_cal_sh075_cal2022,4463584.56,3478666.52,3767355.4347071713,3081695.5141566372,-696229.1252928283,696229.1252928283,-396971.0058433628,396971.0058433628
2022-06-12,residual_meta_catboost,catboost_base_all_cal_sh075_cal2022,4561669.81,3820200.11,3836480.613527865,3190851.261245281,-725189.1964721344,725189.1964721344,-629348.8487547189,629348.8487547189
2022-06-13,residual_meta_catboost,catboost_base_all_cal_sh075_cal2022,4221162.05,3579316.15,3928813.868863426,3324027.6586492714,-292348.18113657366,292348.18113657366,-255288.49135072855,255288.49135072855
2022-06-14,residual_meta_catboost,catboost_base_all_cal_sh075_cal2022,4843640.76,3943051.0,4401895.641385391,3615568.7329392773,-441745.1186146084,441745.1186146084,-327482.2670607227,327482.2670607227
2022-06-15,residual_meta_catboost,catboost_base_all_cal_sh075_cal2022,4969823.53,4197066.37,4673239.094937343,3817808.4700329504,-296584.4350626571,296584.4350626571,-379257.8999670497,379257.8999670497
2022-06-16,residual_meta_catboost,catboost_base_all_cal_sh075_cal2022,4143877.35,3546880.86,4503646.175093475,3750142.8914657957,359768.8250934747,359768.8250934747,203262.03146579582,203262.03146579582
2022-06-17,residual_meta_catboost,catboost_base_all_cal_sh075_cal2022,4914374.7,4127718.74,4253201.169991868,3480641.1731630797,-661173.5300081326,661173.5300081326,-647077.5668369206,647077.5668369206
2022-06-18,residual_meta_catboost,catboost_base_all_cal_sh075_cal2022,4817780.87,3824360.06,4432829.959787961,3680256.242116311,-384950.910212039,384950.910212039,-144103.81788368896,144103.81788368896
2022-06-19,residual_meta_catboost,catboost_base_all_cal_sh075_cal2022,3795086.21,3161112.99,4152746.5094954544,3472581.0308235004,357660.2994954544,357660.2994954544,311468.04082350014,311468.04082350014
2022-06-20,residual_meta_catboost,catboost_base_all_cal_sh075_cal2022,3323030.57,2753309.16,3959180.8069561417,3284114.579740316,636150.2369561419,636150.2369561419,530805.419740316,530805.419740316
2022-06-21,residual_meta_catboost,catboost_base_all_cal_sh075_cal2022,4271838.09,3517936.59,4489266.121158572,3626466.010253001,217428.03115857206,217428.03115857206,108529.42025300115,108529.42025300115
2022-06-22,residual_meta_catboost,catboost_base_all_cal_sh075_cal2022,5182306.11,4283552.22,4920696.010099723,3960209.706984001,-261610.09990027733,261610.09990027733,-323342.5130159985,323342.5130159985
2022-06-23,residual_meta_catboost,catboost_base_all_cal_sh075_cal2022,3276933.23,2698817.37,4389580.218161266,3725731.0801996365,1112646.9881612663,1112646.9881612663,1026913.7101996364,1026913.7101996364
2022-06-24,residual_meta_catboost,catboost_base_all_cal_sh075_cal2022,4334289.08,3840132.24,4155147.79609901,3696511.7498438954,-179141.28390099015,179141.28390099015,-143620.4901561048,143620.4901561048
2022-06-25,residual_meta_catboost,catboost_base_all_cal_sh075_cal2022,3650772.37,3465656.03,4099458.818597942,3754472.374639009,448686.448597942,448686.448597942,288816.34463900933,288816.34463900933
2022-06-26,residual_meta_catboost,catboost_base_all_cal_sh075_cal2022,3313898.55,3251613.07,4160201.009061643,3856701.5631631487,846302.4590616431,846302.4590616431,605088.4931631489,605088.4931631489
2022-06-27,residual_meta_catboost,catboost_base_all_cal_sh075_cal2022,3481464.68,3545701.77,4027300.7900235197,4060432.6711571948,545836.1100235195,545836.1100235195,514730.90115719475,514730.90115719475
2022-06-28,residual_meta_catboost,catboost_base_all_cal_sh075_cal2022,5799352.35,5797836.84,5000119.755103554,4767827.054085958,-799232.594896446,799232.594896446,-1030009.785914042,1030009.785914042
2022-06-29,residual_meta_catboost,catboost_base_all_cal_sh075_cal2022,7265484.49,7471904.08,6624862.763585136,6768162.524133613,-640621.726414864,640621.726414864,-703741.5558663867,703741.5558663867
2022-06-30,residual_meta_catboost,catboost_base_all_cal_sh075_cal2022,5503799.91,5548808.71,5553155.215020392,5512910.250822659,49355.30502039194,49355.30502039194,-35898.45917734131,35898.45917734131
2022-07-01,residual_meta_catboost,catboost_base_all_cal_sh075_cal2022,5150082.22,5158929.6,4961247.514783889,4950790.970615637,-188834.70521611068,188834.70521611068,-208138.62938436307,208138.62938436307
2022-07-02,residual_meta_catboost,catboost_base_all_cal_sh075_cal2022,4591824.74,4681370.69,4563465.47732108,4558182.955435448,-28359.26267892029,28359.26267892029,-123187.73456455208,123187.73456455208
2022-07-03,residual_meta_catboost,catboost_base_all_cal_sh075_cal2022,3487232.0,3467227.39,3753585.6168434215,3801485.966257215,266353.6168434215,266353.6168434215,334258.5762572149,334258.5762572149
2022-07-04,residual_meta_catboost,catboost_base_all_cal_sh075_cal2022,1208545.64,1210803.29,1284353.4798777997,1304158.426616233,75807.83987779985,75807.83987779985,93355.13661623304,93355.13661623304
2022-07-05,residual_meta_catboost,catboost_base_all_cal_sh075_cal2022,1079245.09,1067117.75,1907254.1151359633,1855634.5910512302,828009.0251359632,828009.0251359632,788516.8410512302,788516.8410512302
2022-07-06,residual_meta_catboost,catboost_base_all_cal_sh075_cal2022,2003115.26,1958001.67,1912501.4554858054,1893209.4665649754,-90613.8045141946,90613.8045141946,-64792.20343502448,64792.20343502448
2022-07-07,residual_meta_catboost,catboost_base_all_cal_sh075_cal2022,2178171.4,2191625.58,2172473.2479279307,2166250.3897463437,-5698.152072069235,5698.152072069235,-25375.190253656358,25375.190253656358
2022-07-08,residual_meta_catboost,catboost_base_all_cal_sh075_cal2022,1881078.1,1982500.01,2027139.5414131763,2013125.0358116871,146061.44141317625,146061.44141317625,30625.025811687112,30625.025811687112
2022-07-09,residual_meta_catboost,catboost_base_all_cal_sh075_cal2022,1988747.3,2091746.39,2302443.162045697,2226154.2634748206,313695.86204569717,313695.86204569717,134407.87347482075,134407.87347482075
2022-07-10,residual_meta_catboost,catboost_base_all_cal_sh075_cal2022,2250020.87,2249417.16,2473306.0082949274,2400512.019492843,223285.1382949273,223285.1382949273,151094.85949284304,151094.85949284304
2022-07-11,residual_meta_catboost,catboost_base_all_cal_sh075_cal2022,3085208.06,3120714.69,3019883.6682621427,2971473.0987039306,-65324.39173785737,65324.39173785737,-149241.59129606932,149241.59129606932
2022-07-12,residual_meta_catboost,catboost_base_all_cal_sh075_cal2022,3275001.85,3465716.5,2929341.3323669657,2839388.7142909477,-345660.5176330344,345660.5176330344,-626327.7857090523,626327.7857090523
2022-07-13,residual_meta_catboost,catboost_base_all_cal_sh075_cal2022,3331997.68,3265956.0,2852227.968801225,2670070.7077428354,-479769.7111987751,479769.7111987751,-595885.2922571646,595885.2922571646
2022-07-14,residual_meta_catboost,catboost_base_all_cal_sh075_cal2022,3428606.64,3482102.84,3066693.4710070617,2920067.345314838,-361913.1689929385,361913.1689929385,-562035.4946851619,562035.4946851619
2022-07-15,residual_meta_catboost,catboost_base_all_cal_sh075_cal2022,3272104.3,3382105.17,2984281.2648496972,2953847.2291819346,-287823.0351503026,287823.0351503026,-428257.9408180653,428257.9408180653
2022-07-16,residual_meta_catboost,catboost_base_all_cal_sh075_cal2022,3060600.17,3054594.29,2973950.9604200595,2887019.783603537,-86649.20957994042,86649.20957994042,-167574.50639646314,167574.50639646314
2022-07-17,residual_meta_catboost,catboost_base_all_cal_sh075_cal2022,3238870.01,3239433.47,3088913.3049071035,3002011.471928371,-149956.70509289624,149956.70509289624,-237421.9980716291,237421.9980716291
2022-07-18,residual_meta_catboost,catboost_base_all_cal_sh075_cal2022,3305333.1,3363292.96,3205679.548525797,3143656.0442765285,-99653.55147420289,99653.55147420289,-219636.91572347144,219636.91572347144
2022-07-19,residual_meta_catboost,catboost_base_all_cal_sh075_cal2022,3101945.44,3019090.18,3130165.474330237,2932096.1829152596,28220.03433023719,28220.03433023719,-86993.99708474055,86993.99708474055
2022-07-20,residual_meta_catboost,catboost_base_all_cal_sh075_cal2022,3436240.82,3222539.9,3545149.6792824203,3211838.7587544546,108908.85928242048,108908.85928242048,-10701.141245545354,10701.141245545354
2022-07-21,residual_meta_catboost,catboost_base_all_cal_sh075_cal2022,3596036.01,3119249.05,3548908.7502025473,3167327.203932761,-47127.25979745248,47127.25979745248,48078.1539327614,48078.1539327614
2022-07-22,residual_meta_catboost,catboost_base_all_cal_sh075_cal2022,2771453.13,2364982.84,3440262.3801703462,2941152.0657101087,668809.2501703463,668809.2501703463,576169.2257101089,576169.2257101089
2022-07-23,residual_meta_catboost,catboost_base_all_cal_sh075_cal2022,4190232.53,3612754.83,3505833.114001147,2873542.340900884,-684399.4159988528,684399.4159988528,-739212.4890991161,739212.4890991161
2022-07-24,residual_meta_catboost,catboost_base_all_cal_sh075_cal2022,3833852.9,3118207.38,3403152.2906028316,2746622.2021021484,-430700.6093971683,430700.6093971683,-371585.17789785145,371585.17789785145
2022-07-25,residual_meta_catboost,catboost_base_all_cal_sh075_cal2022,2614143.21,2099890.98,3639097.3404578445,3001804.921334763,1024954.1304578446,1024954.1304578446,901913.9413347631,901913.9413347631
2022-07-26,residual_meta_catboost,catboost_base_all_cal_sh075_cal2022,3176075.37,2651641.17,3861876.484123333,3106481.6027311543,685801.1141233328,685801.1141233328,454840.4327311544,454840.4327311544
2022-07-27,residual_meta_catboost,catboost_base_all_cal_sh075_cal2022,4214912.76,3467925.47,4000897.533622054,3172671.341303957,-214015.22637794586,214015.22637794586,-295254.12869604304,295254.12869604304
2022-07-28,residual_meta_catboost,catboost_base_all_cal_sh075_cal2022,4859620.98,3942867.94,4324079.6251685005,3487915.901876498,-535541.3548315,535541.3548315,-454952.03812350193,454952.03812350193
2022-07-29,residual_meta_catboost,catboost_base_all_cal_sh075_cal2022,3226100.81,2681143.22,4112423.1443653717,3463215.4003821444,886322.3343653716,886322.3343653716,782072.1803821442,782072.1803821442
2022-07-30,residual_meta_catboost,catboost_base_all_cal_sh075_cal2022,2682461.47,2137462.32,4229610.78829895,3706406.5374831273,1547149.3182989494,1547149.3182989494,1568944.2174831275,1568944.2174831275
2022-07-31,residual_meta_catboost,catboost_base_all_cal_sh075_cal2022,4622917.86,3735517.99,5169590.378939892,4781597.004012314,546672.5189398918,546672.5189398918,1046079.0140123134,1046079.0140123134
2022-08-01,residual_meta_catboost,catboost_base_all_cal_sh075_cal2022,4081818.17,3201046.8,4882471.822260107,4694723.11413822,800653.652260107,800653.652260107,1493676.3141382206,1493676.3141382206
2022-08-02,residual_meta_catboost,catboost_base_all_cal_sh075_cal2022,4490226.96,3711709.11,4595994.69523907,4349083.020894631,105767.73523906991,105767.73523906991,637373.910894631,637373.910894631
2022-08-03,residual_meta_catboost,catboost_base_all_cal_sh075_cal2022,5085558.26,4209543.55,4232031.554285498,4081937.154816902,-853526.7057145014,853526.7057145014,-127606.39518309804,127606.39518309804
2022-08-04,residual_meta_catboost,catboost_base_all_cal_sh075_cal2022,4345026.44,3614349.89,3514397.3154375767,3566377.284324437,-830629.1245624237,830629.1245624237,-47972.605675563216,47972.605675563216
2022-08-05,residual_meta_catboost,catboost_base_all_cal_sh075_cal2022,2114789.45,1780212.48,2050844.2515119412,1874980.5958438904,-63945.19848805899,63945.19848805899,94768.11584389047,94768.11584389047
2022-08-06,residual_meta_catboost,catboost_base_all_cal_sh075_cal2022,2325289.52,2017328.21,2091003.4518257098,2069325.262709611,-234286.06817429024,234286.06817429024,51997.05270961113,51997.05270961113
2022-08-07,residual_meta_catboost,catboost_base_all_cal_sh075_cal2022,2331541.43,1882527.46,2297314.797989132,2252160.5987852346,-34226.632010868285,34226.632010868285,369633.13878523465,369633.13878523465
2022-08-08,residual_meta_catboost,catboost_base_all_cal_sh075_cal2022,3054473.91,2576748.48,2278784.312208776,2242776.9384378637,-775689.5977912243,775689.5977912243,-333971.54156213626,333971.54156213626
2022-08-09,residual_meta_catboost,catboost_base_all_cal_sh075_cal2022,2488386.71,1932711.49,2391421.9608318354,2290572.1520576943,-96964.74916816456,96964.74916816456,357860.6620576943,357860.6620576943
2022-08-10,residual_meta_catboost,catboost_base_all_cal_sh075_cal2022,2963483.62,2399743.47,2462180.4085784554,2361733.047648492,-501303.21142154466,501303.21142154466,-38010.4223515084,38010.4223515084
2022-08-11,residual_meta_catboost,catboost_base_all_cal_sh075_cal2022,3674343.1,3109434.98,2720169.5107702403,2717103.630961979,-954173.5892297598,954173.5892297598,-392331.3490380212,392331.3490380212
2022-08-12,residual_meta_catboost,catboost_base_all_cal_sh075_cal2022,2787707.25,2241846.4,2648210.802907726,2596071.303544306,-139496.4470922742,139496.4470922742,354224.9035443063,354224.9035443063
2022-08-13,residual_meta_catboost,catboost_base_all_cal_sh075_cal2022,1789226.45,1446390.99,2298328.258091584,2263589.5634373478,509101.8080915839,509101.8080915839,817198.5734373478,817198.5734373478
2022-08-14,residual_meta_catboost,catboost_base_all_cal_sh075_cal2022,2557373.24,2109123.95,2602128.8517334843,2575378.0052648215,44755.61173348408,44755.61173348408,466254.0552648213,466254.0552648213
2022-08-15,residual_meta_catboost,catboost_base_all_cal_sh075_cal2022,3869248.63,3309171.5,2716918.135425915,2731841.277736606,-1152330.4945740849,1152330.4945740849,-577330.2222633939,577330.2222633939
2022-08-16,residual_meta_catboost,catboost_base_all_cal_sh075_cal2022,3139997.28,2622848.5,2692654.716191843,2658152.4330468774,-447342.56380815664,447342.56380815664,35303.933046877384,35303.933046877384
2022-08-17,residual_meta_catboost,catboost_base_all_cal_sh075_cal2022,3480892.06,2948849.64,3023406.948351738,2911086.553469359,-457485.111648262,457485.111648262,-37763.08653064119,37763.08653064119
2022-08-18,residual_meta_catboost,catboost_base_all_cal_sh075_cal2022,4171974.77,3471070.42,3156621.9463118515,3084480.662175868,-1015352.8236881485,1015352.8236881485,-386589.75782413175,386589.75782413175
2022-08-19,residual_meta_catboost,catboost_base_all_cal_sh075_cal2022,2011108.63,1643391.76,2786830.895896006,2784398.7672327696,775722.265896006,775722.265896006,1141007.0072327696,1141007.0072327696
2022-08-20,residual_meta_catboost,catboost_base_all_cal_sh075_cal2022,2479005.37,2092133.98,2611264.7158596935,2674932.1112308344,132259.34585969336,132259.34585969336,582798.1312308344,582798.1312308344
2022-08-21,residual_meta_catboost,catboost_base_all_cal_sh075_cal2022,2235990.02,1905397.24,2751120.58283567,2746962.997464416,515130.5628356701,515130.5628356701,841565.7574644161,841565.7574644161
2022-08-22,residual_meta_catboost,catboost_base_all_cal_sh075_cal2022,3743695.22,3095599.8,2961111.6503200796,2898306.1926944093,-782583.5696799206,782583.5696799206,-197293.60730559053,197293.60730559053
2022-08-23,residual_meta_catboost,catboost_base_all_cal_sh075_cal2022,2422220.1,1951701.71,2689290.2525456315,2597624.3908099756,267070.1525456314,267070.1525456314,645922.6808099756,645922.6808099756
2022-08-24,residual_meta_catboost,catboost_base_all_cal_sh075_cal2022,3292983.26,2679505.93,2907487.0867282804,2819635.9998982307,-385496.17327171937,385496.17327171937,140130.0698982305,140130.0698982305
2022-08-25,residual_meta_catboost,catboost_base_all_cal_sh075_cal2022,3512475.16,2996327.54,3070562.4163326807,2991036.1952946796,-441912.7436673194,441912.7436673194,-5291.344705320429,5291.344705320429
2022-08-26,residual_meta_catboost,catboost_base_all_cal_sh075_cal2022,3544046.7,2980867.4,2493684.1674651965,2409456.4575283793,-1050362.5325348037,1050362.5325348037,-571410.9424716206,571410.9424716206
2022-08-27,residual_meta_catboost,catboost_base_all_cal_sh075_cal2022,2367664.33,1897436.06,2575854.5308988844,2551607.853798335,208190.20089888433,208190.20089888433,654171.7937983349,654171.7937983349
2022-08-28,residual_meta_catboost,catboost_base_all_cal_sh075_cal2022,7051722.27,5879145.36,5022726.196330374,4625599.552089636,-2028996.0736696254,2028996.0736696254,-1253545.8079103641,1253545.8079103641
2022-08-29,residual_meta_catboost,catboost_base_all_cal_sh075_cal2022,7928796.83,6503005.43,5342726.035289694,5365235.885753116,-2586070.7947103065,2586070.7947103065,-1137769.544246884,1137769.544246884
2022-08-30,residual_meta_catboost,catboost_base_all_cal_sh075_cal2022,6574345.89,5482415.72,5912932.035193574,5605294.9002575725,-661413.854806426,661413.854806426,122879.18025757279,122879.18025757279
2022-08-31,residual_meta_catboost,catboost_base_all_cal_sh075_cal2022,7627532.44,6341793.09,5792770.219657768,5616653.279340932,-1834762.2203422328,1834762.2203422328,-725139.8106590677,725139.8106590677
2022-09-01,residual_meta_catboost,catboost_base_all_cal_sh075_cal2022,6284732.49,5155753.38,5164461.34681202,5023285.26322757,-1120271.1431879802,1120271.1431879802,-132468.11677243002,132468.11677243002
2022-09-02,residual_meta_catboost,catboost_base_all_cal_sh075_cal2022,1902817.9,1746845.19,2469917.389596825,2527806.1638337434,567099.4895968251,567099.4895968251,780960.9738337435,780960.9738337435
2022-09-03,residual_meta_catboost,catboost_base_all_cal_sh075_cal2022,1443083.36,1319555.66,1880826.053492137,1686243.8893153798,437742.6934921369,437742.6934921369,366688.22931537987,366688.22931537987
2022-09-04,residual_meta_catboost,catboost_base_all_cal_sh075_cal2022,1814811.35,1668265.18,1792292.7391377366,1597127.521895456,-22518.61086226348,22518.61086226348,-71137.65810454404,71137.65810454404
2022-09-05,residual_meta_catboost,catboost_base_all_cal_sh075_cal2022,2214621.47,2091481.45,2201452.9640995567,2031252.524599174,-13168.505900443532,13168.505900443532,-60228.925400825916,60228.925400825916
2022-09-06,residual_meta_catboost,catboost_base_all_cal_sh075_cal2022,1440405.44,1324005.11,2384737.703731996,2136442.6948457574,944332.2637319961,944332.2637319961,812437.5848457573,812437.5848457573
2022-09-07,residual_meta_catboost,catboost_base_all_cal_sh075_cal2022,1890879.55,1717460.94,2010094.7935120433,1775335.7275054832,119215.24351204326,119215.24351204326,57874.787505483255,57874.787505483255
2022-09-08,residual_meta_catboost,catboost_base_all_cal_sh075_cal2022,3137260.99,2854328.48,2340524.849369838,2075587.247716687,-796736.1406301623,796736.1406301623,-778741.2322833131,778741.2322833131
2022-09-09,residual_meta_catboost,catboost_base_all_cal_sh075_cal2022,1905843.43,1773901.8,2294636.5910267364,1954822.545795252,388793.1610267365,388793.1610267365,180920.74579525203,180920.74579525203
2022-09-10,residual_meta_catboost,catboost_base_all_cal_sh075_cal2022,3003150.84,2629180.97,2137399.689311931,1904359.7066517312,-865751.1506880689,865751.1506880689,-724821.263348269,724821.263348269
2022-09-11,residual_meta_catboost,catboost_base_all_cal_sh075_cal2022,3574194.77,3355823.68,2308029.9391599144,2050046.7394589365,-1266164.8308400856,1266164.8308400856,-1305776.9405410637,1305776.9405410637
2022-09-12,residual_meta_catboost,catboost_base_all_cal_sh075_cal2022,3415849.51,3102681.39,2910532.9400656247,2638032.383752492,-505316.5699343751,505316.5699343751,-464649.00624750834,464649.00624750834
2022-09-13,residual_meta_catboost,catboost_base_all_cal_sh075_cal2022,2521208.91,2449598.89,2682399.6586396536,2430376.2470320496,161190.74863965344,161190.74863965344,-19222.642967950553,19222.642967950553
2022-09-14,residual_meta_catboost,catboost_base_all_cal_sh075_cal2022,2125189.04,1992207.12,2623491.7001408394,2340515.466954294,498302.6601408394,498302.6601408394,348308.346954294,348308.346954294
2022-09-15,residual_meta_catboost,catboost_base_all_cal_sh075_cal2022,3154006.65,2833555.37,2645776.591095402,2305668.8151465254,-508230.058904598,508230.058904598,-527886.5548534747,527886.5548534747
2022-09-16,residual_meta_catboost,catboost_base_all_cal_sh075_cal2022,2557894.76,2402816.85,2459067.6512455824,2188288.9180011284,-98827.1087544174,98827.1087544174,-214527.93199887173,214527.93199887173
2022-09-17,residual_meta_catboost,catboost_base_all_cal_sh075_cal2022,1810510.0,1735920.18,2249742.1649169046,1972820.079798711,439232.16491690464,439232.16491690464,236899.89979871106,236899.89979871106
2022-09-18,residual_meta_catboost,catboost_base_all_cal_sh075_cal2022,2355578.71,2098692.33,2491246.6288943742,2193175.1706490144,135667.91889437428,135667.91889437428,94482.84064901434,94482.84064901434
2022-09-19,residual_meta_catboost,catboost_base_all_cal_sh075_cal2022,2832515.44,2618684.64,2775971.458297557,2501700.0499545247,-56543.98170244275,56543.98170244275,-116984.5900454754,116984.5900454754
2022-09-20,residual_meta_catboost,catboost_base_all_cal_sh075_cal2022,1813002.77,1685796.46,2604602.9632620327,2333279.8279266804,791600.1932620327,791600.1932620327,647483.3679266805,647483.3679266805
2022-09-21,residual_meta_catboost,catboost_base_all_cal_sh075_cal2022,2262085.02,2156585.58,2853600.322797674,2510505.082424154,591515.3027976742,591515.3027976742,353919.50242415396,353919.50242415396
2022-09-22,residual_meta_catboost,catboost_base_all_cal_sh075_cal2022,3106149.95,2910964.29,2590596.265689729,2290911.5997143723,-515553.6843102714,515553.6843102714,-620052.6902856277,620052.6902856277
2022-09-23,residual_meta_catboost,catboost_base_all_cal_sh075_cal2022,2634119.24,2453809.45,2545416.9099516454,2293885.1431630617,-88702.33004835481,88702.33004835481,-159924.3068369385,159924.3068369385
2022-09-24,residual_meta_catboost,catboost_base_all_cal_sh075_cal2022,2896411.14,2694695.72,2469574.631290993,2173314.7868225295,-426836.50870900694,426836.50870900694,-521380.9331774707,521380.9331774707
2022-09-25,residual_meta_catboost,catboost_base_all_cal_sh075_cal2022,3041369.47,2753150.12,2823890.9067540774,2528843.416947878,-217478.5632459228,217478.5632459228,-224306.70305212215,224306.70305212215
2022-09-26,residual_meta_catboost,catboost_base_all_cal_sh075_cal2022,5205389.57,4849044.63,3173909.1740759653,2837212.3049602606,-2031480.395924035,2031480.395924035,-2011832.3250397393,2011832.3250397393
2022-09-27,residual_meta_catboost,catboost_base_all_cal_sh075_cal2022,4259834.95,3803492.23,4046111.486165513,3619084.6764112664,-213723.46383448737,213723.46383448737,-184407.55358873354,184407.55358873354
2022-09-28,residual_meta_catboost,catboost_base_all_cal_sh075_cal2022,4257301.76,3860995.61,4217491.494589222,3772862.6710453723,-39810.26541077811,39810.26541077811,-88132.9389546276,88132.9389546276
2022-09-29,residual_meta_catboost,catboost_base_all_cal_sh075_cal2022,4352754.23,4023586.93,3537785.2096385984,3192465.5731285294,-814969.0203614021,814969.0203614021,-831121.3568714708,831121.3568714708
2022-09-30,residual_meta_catboost,catboost_base_all_cal_sh075_cal2022,2551313.88,2332362.64,3305266.504813099,2902451.7665834366,753952.6248130989,753952.6248130989,570089.1265834365,570089.1265834365
2022-10-01,residual_meta_catboost,catboost_base_all_cal_sh075_cal2022,1469771.93,1293984.1,2564674.4525481747,2282473.9264571304,1094902.5225481747,1094902.5225481747,988489.8264571303,988489.8264571303
2022-10-02,residual_meta_catboost,catboost_base_all_cal_sh075_cal2022,1289798.82,1015484.47,1652390.4885046808,1425818.0055944815,362591.66850468074,362591.66850468074,410333.5355944815,410333.5355944815
2022-10-03,residual_meta_catboost,catboost_base_all_cal_sh075_cal2022,2179072.88,1799910.69,1756780.2465684777,1539513.8908992792,-422292.6334315222,422292.6334315222,-260396.7991007208,260396.7991007208
2022-10-04,residual_meta_catboost,catboost_base_all_cal_sh075_cal2022,2751920.12,2302490.12,1857932.1914684763,1623530.0255515235,-893987.9285315238,893987.9285315238,-678960.0944484766,678960.0944484766
2022-10-05,residual_meta_catboost,catboost_base_all_cal_sh075_cal2022,1527341.84,1209546.76,1727873.0332310766,1436065.7384143511,200531.19323107647,200531.19323107647,226518.97841435112,226518.97841435112
2022-10-06,residual_meta_catboost,catboost_base_all_cal_sh075_cal2022,2026518.43,1678609.18,1849145.2837658525,1522445.601806408,-177373.14623414748,177373.14623414748,-156163.5781935919,156163.5781935919
2022-10-07,residual_meta_catboost,catboost_base_all_cal_sh075_cal2022,1406363.3,1112130.94,1732329.9774218027,1363438.737276365,325966.67742180265,325966.67742180265,251307.7972763651,251307.7972763651
2022-10-08,residual_meta_catboost,catboost_base_all_cal_sh075_cal2022,2137543.63,1805932.34,1764264.8265894114,1453351.1981285608,-373278.80341058853,373278.80341058853,-352581.1418714393,352581.1418714393
2022-10-09,residual_meta_catboost,catboost_base_all_cal_sh075_cal2022,1805775.79,1488842.7,1774294.6720491806,1467484.8654947972,-31481.117950819433,31481.117950819433,-21357.834505202714,21357.834505202714
2022-10-10,residual_meta_catboost,catboost_base_all_cal_sh075_cal2022,2356440.12,1975941.69,2068583.3703519057,1734860.5699308882,-287856.7496480944,287856.7496480944,-241081.1200691117,241081.1200691117
2022-10-11,residual_meta_catboost,catboost_base_all_cal_sh075_cal2022,2270162.6,1955651.17,2221264.2297252743,1849544.9036620778,-48898.370274725836,48898.370274725836,-106106.26633792208,106106.26633792208
2022-10-12,residual_meta_catboost,catboost_base_all_cal_sh075_cal2022,1976207.14,1617749.24,2160599.5880470444,1742832.1542110974,184392.44804704445,184392.44804704445,125082.9142110974,125082.9142110974
2022-10-13,residual_meta_catboost,catboost_base_all_cal_sh075_cal2022,2430819.33,1940628.06,2208831.2834229544,1794397.5987630973,-221988.0465770457,221988.0465770457,-146230.46123690275,146230.46123690275
2022-10-14,residual_meta_catboost,catboost_base_all_cal_sh075_cal2022,1927818.67,1586067.15,2127031.6600491754,1706880.9038159088,199212.99004917545,199212.99004917545,120813.75381590892,120813.75381590892
2022-10-15,residual_meta_catboost,catboost_base_all_cal_sh075_cal2022,1986495.19,1576156.75,2078684.8392392024,1686067.2993472975,92189.6492392025,92189.6492392025,109910.54934729752,109910.54934729752
2022-10-16,residual_meta_catboost,catboost_base_all_cal_sh075_cal2022,1897952.11,1655869.65,2237938.733725835,1811643.832523733,339986.623725835,339986.623725835,155774.182523733,155774.182523733
2022-10-17,residual_meta_catboost,catboost_base_all_cal_sh075_cal2022,2507328.8,2119354.36,2133321.5469407886,1798541.2788916577,-374007.2530592112,374007.2530592112,-320813.08110834216,320813.08110834216
2022-10-18,residual_meta_catboost,catboost_base_all_cal_sh075_cal2022,3170696.65,2645141.42,2500040.3228632105,2061218.7868402307,-670656.3271367894,670656.3271367894,-583922.6331597692,583922.6331597692
2022-10-19,residual_meta_catboost,catboost_base_all_cal_sh075_cal2022,2324314.45,1931007.25,2322526.0481612757,1844101.955217218,-1788.4018387245014,1788.4018387245014,-86905.29478278197,86905.29478278197
2022-10-20,residual_meta_catboost,catboost_base_all_cal_sh075_cal2022,2591151.06,2095872.66,2226680.479095767,1826315.1177449874,-364470.58090423327,364470.58090423327,-269557.54225501255,269557.54225501255
2022-10-21,residual_meta_catboost,catboost_base_all_cal_sh075_cal2022,2662328.56,2201489.2,2066462.6668958585,1676645.025396473,-595865.8931041416,595865.8931041416,-524844.1746035272,524844.1746035272
2022-10-22,residual_meta_catboost,catboost_base_all_cal_sh075_cal2022,2407124.47,1949055.98,2291135.9935875065,1883859.6457605571,-115988.47641249374,115988.47641249374,-65196.33423944283,65196.33423944283
2022-10-23,residual_meta_catboost,catboost_base_all_cal_sh075_cal2022,1971627.46,1628494.03,1963047.3425443722,1622778.4762499782,-8580.11745562777,8580.11745562777,-5715.553750021849,5715.553750021849
2022-10-24,residual_meta_catboost,catboost_base_all_cal_sh075_cal2022,2678456.17,2245907.36,2337085.571510735,1970757.431171298,-341370.59848926496,341370.59848926496,-275149.92882870184,275149.92882870184
2022-10-25,residual_meta_catboost,catboost_base_all_cal_sh075_cal2022,3003375.87,2373976.27,2596883.475006403,2079398.236648351,-406492.3949935972,406492.3949935972,-294578.03335164906,294578.03335164906
2022-10-26,residual_meta_catboost,catboost_base_all_cal_sh075_cal2022,2345490.55,1902512.75,2541860.175619132,2032975.7886543549,196369.62561913207,196369.62561913207,130463.03865435487,130463.03865435487
2022-10-27,residual_meta_catboost,catboost_base_all_cal_sh075_cal2022,2493935.72,2087492.57,2538448.241908146,2081696.6988602267,44512.52190814586,44512.52190814586,-5795.8711397734005,5795.8711397734005
2022-10-28,residual_meta_catboost,catboost_base_all_cal_sh075_cal2022,4210212.53,3513694.7,3239717.785745741,2619592.491037521,-970494.7442542594,970494.7442542594,-894102.2089624791,894102.2089624791
2022-10-29,residual_meta_catboost,catboost_base_all_cal_sh075_cal2022,3626939.26,2918150.87,3690206.2558458536,3057017.8678882974,63266.99584585382,63266.99584585382,138866.9978882973,138866.9978882973
2022-10-30,residual_meta_catboost,catboost_base_all_cal_sh075_cal2022,3130677.4,2518990.77,3455215.26049022,2834985.487937259,324537.86049022013,324537.86049022013,315994.717937259,315994.717937259
2022-10-31,residual_meta_catboost,catboost_base_all_cal_sh075_cal2022,4630791.46,3823758.6,3653809.8004847667,3047536.8524319334,-976981.6595152332,976981.6595152332,-776221.7475680667,776221.7475680667
2022-11-01,residual_meta_catboost,catboost_base_all_cal_sh075_cal2022,3025164.28,2504688.31,3179426.653748538,2645148.654297439,154262.37374853808,154262.37374853808,140460.34429743886,140460.34429743886
2022-11-02,residual_meta_catboost,catboost_base_all_cal_sh075_cal2022,1338326.56,1136192.76,1997256.1474096081,1695254.759445833,658929.5874096081,658929.5874096081,559061.999445833,559061.999445833
2022-11-03,residual_meta_catboost,catboost_base_all_cal_sh075_cal2022,1253721.23,994106.82,1412401.3470664697,1113522.977703656,158680.11706646974,158680.11706646974,119416.15770365612,119416.15770365612
2022-11-04,residual_meta_catboost,catboost_base_all_cal_sh075_cal2022,1065066.0,908402.36,1325881.4566667348,1095249.8830522578,260815.45666673477,260815.45666673477,186847.52305225783,186847.52305225783
2022-11-05,residual_meta_catboost,catboost_base_all_cal_sh075_cal2022,1826120.07,1592683.79,1512794.5719034553,1238307.269104492,-313325.49809654476,313325.49809654476,-354376.5208955081,354376.5208955081
2022-11-06,residual_meta_catboost,catboost_base_all_cal_sh075_cal2022,2207719.98,1750011.7,1517756.6476213764,1270546.6719773775,-689963.3323786235,689963.3323786235,-479465.02802262246,479465.02802262246
2022-11-07,residual_meta_catboost,catboost_base_all_cal_sh075_cal2022,1655852.99,1340974.43,1723296.1486344575,1482814.8041163953,67443.1586344575,67443.1586344575,141840.37411639537,141840.37411639537
2022-11-08,residual_meta_catboost,catboost_base_all_cal_sh075_cal2022,1781413.12,1480654.53,1732986.2910822209,1470363.064441461,-48426.82891777926,48426.82891777926,-10291.465558538912,10291.465558538912
2022-11-09,residual_meta_catboost,catboost_base_all_cal_sh075_cal2022,845358.47,699535.31,1861456.7975951957,1534798.9888765472,1016098.3275951957,1016098.3275951957,835263.6788765471,835263.6788765471
2022-11-10,residual_meta_catboost,catboost_base_all_cal_sh075_cal2022,2079598.87,1694276.76,1864202.0401887142,1533419.4487181627,-215396.82981128595,215396.82981128595,-160857.3112818373,160857.3112818373
2022-11-11,residual_meta_catboost,catboost_base_all_cal_sh075_cal2022,1581745.15,1307363.48,1707872.7878618399,1424261.5083565232,126127.63786183996,126127.63786183996,116898.02835652325,116898.02835652325
2022-11-12,residual_meta_catboost,catboost_base_all_cal_sh075_cal2022,1354235.95,1091940.76,1820298.2818360247,1535194.0341998735,466062.33183602476,466062.33183602476,443253.27419987344,443253.27419987344
2022-11-13,residual_meta_catboost,catboost_base_all_cal_sh075_cal2022,2903552.41,2399414.44,1944549.0236344538,1620892.6457788548,-959003.3863655464,959003.3863655464,-778521.7942211451,778521.7942211451
2022-11-14,residual_meta_catboost,catboost_base_all_cal_sh075_cal2022,1656739.7,1428653.75,2010383.92346541,1700895.4600101705,353644.22346541006,353644.22346541006,272241.7100101705,272241.7100101705
2022-11-15,residual_meta_catboost,catboost_base_all_cal_sh075_cal2022,1547150.37,1239694.48,1919956.026151217,1613585.2621805342,372805.65615121694,372805.65615121694,373890.7821805342,373890.7821805342
2022-11-16,residual_meta_catboost,catboost_base_all_cal_sh075_cal2022,1436853.58,1152791.3,1722012.5810584833,1445148.3400110453,285159.00105848326,285159.00105848326,292357.0400110453,292357.0400110453
2022-11-17,residual_meta_catboost,catboost_base_all_cal_sh075_cal2022,1542318.91,1326508.48,1739744.380493566,1488025.858903536,197425.470493566,197425.470493566,161517.37890353613,161517.37890353613
2022-11-18,residual_meta_catboost,catboost_base_all_cal_sh075_cal2022,2067584.69,1767319.2,1735713.7716874012,1484387.1917958166,-331870.9183125987,331870.9183125987,-282932.0082041833,282932.0082041833
2022-11-19,residual_meta_catboost,catboost_base_all_cal_sh075_cal2022,1496563.56,1377725.1,1517385.1639960392,1343536.5749123893,20821.603996039135,20821.603996039135,-34188.52508761082,34188.52508761082
2022-11-20,residual_meta_catboost,catboost_base_all_cal_sh075_cal2022,1857748.24,1631718.89,1580150.2905778002,1495303.9486315248,-277597.94942219974,277597.94942219974,-136414.9413684751,136414.9413684751
2022-11-21,residual_meta_catboost,catboost_base_all_cal_sh075_cal2022,1349907.06,1276634.29,1557154.6701145917,1523836.1017497976,207247.61011459166,207247.61011459166,247201.81174979755,247201.81174979755
2022-11-22,residual_meta_catboost,catboost_base_all_cal_sh075_cal2022,853188.02,904694.78,1550861.4563551075,1584205.6014816628,697673.4363551075,697673.4363551075,679510.8214816628,679510.8214816628
2022-11-23,residual_meta_catboost,catboost_base_all_cal_sh075_cal2022,1060969.69,1157743.64,1291097.7912880164,1294065.8153084286,230128.10128801642,230128.10128801642,136322.1753084287,136322.1753084287
2022-11-24,residual_meta_catboost,catboost_base_all_cal_sh075_cal2022,1729664.2,1775190.25,1334533.0868796194,1349908.0913625958,-395131.11312038056,395131.11312038056,-425282.1586374042,425282.1586374042
2022-11-25,residual_meta_catboost,catboost_base_all_cal_sh075_cal2022,1527923.9,1576795.62,1470813.0245085335,1463284.4915045823,-57110.87549146637,57110.87549146637,-113511.12849541777,113511.12849541777
2022-11-26,residual_meta_catboost,catboost_base_all_cal_sh075_cal2022,2035639.78,2105948.81,1516124.0204269805,1504212.0031491073,-519515.7595730196,519515.7595730196,-601736.8068508927,601736.8068508927
2022-11-27,residual_meta_catboost,catboost_base_all_cal_sh075_cal2022,3138619.13,3283279.48,1984471.8287405479,2060922.6985193798,-1154147.301259452,1154147.301259452,-1222356.7814806201,1222356.7814806201
2022-11-28,residual_meta_catboost,catboost_base_all_cal_sh075_cal2022,2104917.42,2152332.4,2333556.838080332,2432466.055435082,228639.41808033222,228639.41808033222,280133.65543508204,280133.65543508204
2022-11-29,residual_meta_catboost,catboost_base_all_cal_sh075_cal2022,2558728.79,2694391.19,2199538.376766325,2259758.9426823515,-359190.41323367506,359190.41323367506,-434632.2473176485,434632.2473176485
2022-11-30,residual_meta_catboost,catboost_base_all_cal_sh075_cal2022,1317689.52,1346354.39,1919192.2438448807,1976479.0771952467,601502.7238448807,601502.7238448807,630124.6871952468,630124.6871952468
2022-12-01,residual_meta_catboost,catboost_base_all_cal_sh075_cal2022,1668445.9,1683082.9,1404959.4129706444,1460340.893000457,-263486.4870293555,263486.4870293555,-222742.00699954294,222742.00699954294
2022-12-02,residual_meta_catboost,catboost_base_all_cal_sh075_cal2022,720381.04,726739.78,924272.2078401909,942477.2963830745,203891.1678401908,203891.1678401908,215737.51638307446,215737.51638307446
2022-12-03,residual_meta_catboost,catboost_base_all_cal_sh075_cal2022,753704.17,751384.0,803428.5393672026,793301.4871595703,49724.36936720251,49724.36936720251,41917.48715957033,41917.48715957033
2022-12-04,residual_meta_catboost,catboost_base_all_cal_sh075_cal2022,664409.51,678890.04,863182.5824474829,887000.1597247357,198773.07244748285,198773.07244748285,208110.11972473562,208110.11972473562
2022-12-05,residual_meta_catboost,catboost_base_all_cal_sh075_cal2022,1607335.1,1688255.85,936471.4722920213,1054621.2422249673,-670863.6277079788,670863.6277079788,-633634.6077750328,633634.6077750328
2022-12-06,residual_meta_catboost,catboost_base_all_cal_sh075_cal2022,1436188.44,1460346.38,1117514.064152074,1185953.283922974,-318674.3758479259,318674.3758479259,-274393.09607702587,274393.09607702587
2022-12-07,residual_meta_catboost,catboost_base_all_cal_sh075_cal2022,760218.13,731672.82,918560.1725821679,1011141.2837833983,158342.0425821679,158342.0425821679,279468.4637833984,279468.4637833984
2022-12-08,residual_meta_catboost,catboost_base_all_cal_sh075_cal2022,818209.67,832757.07,1010037.0031879657,1058687.7040610216,191827.33318796568,191827.33318796568,225930.6340610216,225930.6340610216
2022-12-09,residual_meta_catboost,catboost_base_all_cal_sh075_cal2022,1323267.85,1366777.35,1207484.7524060165,1206125.6281676993,-115783.09759398364,115783.09759398364,-160651.72183230077,160651.72183230077
2022-12-10,residual_meta_catboost,catboost_base_all_cal_sh075_cal2022,1598936.84,1616981.65,1190777.8727212902,1247715.8698224975,-408158.96727870987,408158.96727870987,-369265.7801775024,369265.7801775024
2022-12-11,residual_meta_catboost,catboost_base_all_cal_sh075_cal2022,1420910.74,1526398.5,1265699.8692329058,1359532.7806339704,-155210.8707670942,155210.8707670942,-166865.7193660296,166865.7193660296
2022-12-12,residual_meta_catboost,catboost_base_all_cal_sh075_cal2022,1983085.06,2071778.79,1458015.086245722,1548156.2712050444,-525069.9737542782,525069.9737542782,-523622.5187949557,523622.5187949557
2022-12-13,residual_meta_catboost,catboost_base_all_cal_sh075_cal2022,1652309.19,1687562.98,1527155.454216648,1593268.2435917587,-125153.73578335205,125153.73578335205,-94294.73640824133,94294.73640824133
2022-12-14,residual_meta_catboost,catboost_base_all_cal_sh075_cal2022,1662243.59,1688191.22,1539922.7131442525,1537510.0090147837,-122320.87685574754,122320.87685574754,-150681.2109852163,150681.2109852163
2022-12-15,residual_meta_catboost,catboost_base_all_cal_sh075_cal2022,1494318.64,1554407.68,1442582.913793888,1461551.0894397958,-51735.726206111955,51735.726206111955,-92856.59056020412,92856.59056020412
2022-12-16,residual_meta_catboost,catboost_base_all_cal_sh075_cal2022,1482192.97,1521540.05,1484986.8148811143,1509920.304055481,2793.844881114317,2793.844881114317,-11619.745944519062,11619.745944519062
2022-12-17,residual_meta_catboost,catboost_base_all_cal_sh075_cal2022,1302193.74,1321522.92,1497074.1395194808,1473777.4524726376,194880.39951948076,194880.39951948076,152254.53247263771,152254.53247263771
2022-12-18,residual_meta_catboost,catboost_base_all_cal_sh075_cal2022,2201374.59,2308997.06,1481125.3046899624,1484937.218870685,-720249.2853100374,720249.2853100374,-824059.8411293151,824059.8411293151
2022-12-19,residual_meta_catboost,catboost_base_all_cal_sh075_cal2022,2250767.39,2245767.23,1805264.8832120742,1871042.2988568346,-445502.50678792596,445502.50678792596,-374724.93114316533,374724.93114316533
2022-12-20,residual_meta_catboost,catboost_base_all_cal_sh075_cal2022,2026810.08,2053084.16,1883442.0151822756,1971027.6059227285,-143368.06481772452,143368.06481772452,-82056.55407727137,82056.55407727137
2022-12-21,residual_meta_catboost,catboost_base_all_cal_sh075_cal2022,1795395.02,1806884.57,1787446.7354229921,1836688.8417504127,-7948.284577007871,7948.284577007871,29804.27175041265,29804.27175041265
2022-12-22,residual_meta_catboost,catboost_base_all_cal_sh075_cal2022,1791622.46,1773829.08,1720865.759555235,1757906.531722002,-70756.70044476492,70756.70044476492,-15922.54827799811,15922.54827799811
2022-12-23,residual_meta_catboost,catboost_base_all_cal_sh075_cal2022,1501209.11,1499234.75,1501815.3656831922,1531602.7323422686,606.255683192052,606.255683192052,32367.982342268573,32367.982342268573
2022-12-24,residual_meta_catboost,catboost_base_all_cal_sh075_cal2022,1390870.89,1401661.67,1348932.709758421,1358323.729026073,-41938.18024157896,41938.18024157896,-43337.940973927034,43337.940973927034
2022-12-25,residual_meta_catboost,catboost_base_all_cal_sh075_cal2022,1136772.53,1160100.63,1378470.3268052747,1400292.2804279714,241697.79680527467,241697.79680527467,240191.6504279715,240191.6504279715
2022-12-26,residual_meta_catboost,catboost_base_all_cal_sh075_cal2022,2110830.12,2160963.69,1567244.1958413064,1600126.5441776898,-543585.9241586938,543585.9241586938,-560837.1458223101,560837.1458223101
2022-12-27,residual_meta_catboost,catboost_base_all_cal_sh075_cal2022,2100553.66,2184872.24,2008927.465941528,2098844.616539067,-91626.19405847206,91626.19405847206,-86027.6234609331,86027.6234609331
2022-12-28,residual_meta_catboost,catboost_base_all_cal_sh075_cal2022,3448729.2,3513621.0,2966378.645576465,3005915.1024540085,-482350.55442353524,482350.55442353524,-507705.89754599147,507705.89754599147
2022-12-29,residual_meta_catboost,catboost_base_all_cal_sh075_cal2022,3083944.33,3170787.1,3205352.444433849,3274552.469538617,121408.11443384876,121408.11443384876,103765.36953861685,103765.36953861685
2022-12-30,residual_meta_catboost,catboost_base_all_cal_sh075_cal2022,2884668.76,3022292.15,2972393.090850436,3015626.631565688,87724.33085043635,87724.33085043635,-6665.518434311729,6665.518434311729
2022-12-31,residual_meta_catboost,catboost_base_all_cal_sh075_cal2022,2383037.48,2279288.13,2637566.840523217,2633175.525610581,254529.3605232169,254529.3605232169,353887.39561058115,353887.39561058115
